memberId,LAST_3_TRANSACTIONS_AVG_POINTS_BOUGHT,LAST_3_TRANSACTIONS_AVG_REVENUE_USD,DAYS_SINCE_LAST_TRANSACTION,AVG_POINTS_BOUGHT,AVG_REVENUE_USD,PCT_GIFT_TRANSACTIONS,PCT_REDEEM_TRANSACTIONS,PCT_BUY_TRANSACTIONS
50F988B1,1100.0,2.111111111111111,2186,1228.5714285714287,4.788095238095238,0.2857142857142857,0.2857142857142857,0.42857142857142855
39F57318,600.0,0.5,1795,600.0,0.5,0.0,0.0,1.0
BAF4640A,1566.6666666666667,1.75,1705,-516.6666666666666,1.071969696969697,0.3333333333333333,0.5,0.16666666666666666
0F32B153,4166.666666666667,3.9285714285714284,1089,4166.666666666667,3.9285714285714284,0.0,0.3333333333333333,0.6666666666666666
4A2BC2EF,3066.6666666666665,2.552525252525253,2182,2107.1428571428573,8.416147047397049,0.42857142857142855,0.21428571428571427,0.35714285714285715
B81EBF21,-2900.0,2.0,2180,-970.0,13.5875,0.0,0.6,0.4
B9D9FC20,833.3333333333334,3.9166666666666665,885,833.3333333333334,3.9166666666666665,0.3333333333333333,0.3333333333333333,0.3333333333333333
7A334419,6200.0,5.636363636363637,1196,6200.0,5.636363636363637,1.0,0.0,0.0
86F53E1A,5600.0,6.938624338624339,1978,4680.0,7.077460317460319,0.6,0.0,0.4
E1D98AEA,5400.0,2.8421052631578947,1281,5400.0,2.8421052631578947,1.0,0.0,0.0
2E75F795,7800.0,19.5,482,7800.0,19.5,0.0,0.0,1.0
62948B3D,2800.0,9.333333333333334,1284,2800.0,9.333333333333334,0.0,0.0,1.0
E0F9D81C,-4300.0,0.0,1124,-4300.0,0.0,0.0,1.0,0.0
74508396,-3133.3333333333335,5.166666666666667,2094,2587.5,8.372395833333334,0.25,0.25,0.5
CAA29670,-2400.0,0.4047619047619047,2168,-233.33333333333334,2.1804954304954305,0.3333333333333333,0.5,0.16666666666666666
804FDE79,3500.0,1.75,639,3500.0,1.75,1.0,0.0,0.0
4310B742,5566.666666666667,32.17892156862745,2150,3483.3333333333335,16.687440582293522,0.16666666666666666,0.0,0.8333333333333334
FC107804,1000.0,0.7320261437908496,2097,1140.0,14.039215686274511,0.2,0.4,0.4
154651AD,3100.0,3.164285714285714,2069,2672.7272727272725,8.512734487734487,0.45454545454545453,0.18181818181818182,0.36363636363636365
A835E843,4066.6666666666665,5.2788441692466455,2033,2933.3333333333335,5.2366443068455455,0.3333333333333333,0.16666666666666666,0.5
CE53D29C,1000.0,4.055555555555556,1946,871.4285714285714,5.345238095238095,0.2857142857142857,0.42857142857142855,0.2857142857142857
84C7F4C5,400.0,1.8740740740740742,2226,400.0,1.8740740740740742,0.6666666666666666,0.3333333333333333,0.0
5B173F16,5600.0,31.196153846153848,1930,4157.142857142857,18.185385395723742,0.42857142857142855,0.14285714285714285,0.42857142857142855
5F25361C,2966.6666666666665,3.41025641025641,2209,100.0,2.5576923076923075,0.5,0.25,0.25
CEBBA594,-3100.0,0.59375,2027,-3100.0,0.59375,0.5,0.5,0.0
AF5F0CF2,-1433.3333333333333,1.3897435897435895,1314,-1433.3333333333333,1.3897435897435895,0.0,0.3333333333333333,0.6666666666666666
166DCF52,1300.0,3.5833333333333335,1059,1300.0,3.5833333333333335,0.5,0.5,0.0
18B016AB,-2200.0,0.5098039215686274,2160,-560.0,1.0858823529411765,0.2,0.6,0.2
EA899A72,3100.0,4.428571428571429,1053,3100.0,4.428571428571429,1.0,0.0,0.0
3A4F602A,3800.0,23.98888888888889,2148,1900.0,14.793333333333333,0.6,0.2,0.2
2DF21EA1,-9800.0,0.0,1517,-9800.0,0.0,0.0,1.0,0.0
77DA5D59,600.0,0.3157894736842105,1632,600.0,0.3157894736842105,1.0,0.0,0.0
9AF04963,2500.0,2.132943469785575,1214,1483.3333333333333,1.65906432748538,0.5,0.16666666666666666,0.3333333333333333
B849829C,66.66666666666667,0.8541666666666666,1451,100.0,0.7120535714285714,0.75,0.25,0.0
5E73E275,-33.333333333333336,2.302564102564103,1436,-33.333333333333336,2.302564102564103,0.0,0.3333333333333333,0.6666666666666666
E94CEF81,4366.666666666667,5.280112044817927,2187,1085.7142857142858,4.906395891690011,0.42857142857142855,0.21428571428571427,0.35714285714285715
18ADF621,-133.33333333333334,1.097222222222222,1508,-133.33333333333334,1.097222222222222,0.3333333333333333,0.3333333333333333,0.3333333333333333
34F002EB,5550.0,8.966666666666667,2202,5550.0,8.966666666666667,0.5,0.0,0.5
464459E9,4900.0,4.912037037037037,2175,1995.4545454545455,4.546268020764924,0.4090909090909091,0.2727272727272727,0.3181818181818182
5070AC76,1300.0,19.14814814814815,2159,150.0,14.36111111111111,0.25,0.5,0.25
1FDE7F23,8800.0,12.0,515,8800.0,12.0,0.5,0.0,0.5
275172D3,3700.0,5.6078431372549025,2095,3700.0,5.6078431372549025,0.5,0.0,0.5
51220C27,-100.0,2.0303030303030303,2112,1310.0,3.8780439005439007,0.3,0.3,0.4
AB16C2F8,-7900.0,0.0,2146,-7900.0,0.0,0.0,1.0,0.0
A1900129,-5300.0,0.0,1097,-5300.0,0.0,0.0,1.0,0.0
CFC1F999,8666.666666666666,12.471153846153847,2038,4328.571428571428,5.322797263304783,0.2857142857142857,0.21428571428571427,0.5
A83237C1,-3550.0,0.5416666666666666,1984,-3550.0,0.5416666666666666,0.0,0.5,0.5
51C9DFA1,4733.333333333333,6.238095238095237,2077,1485.7142857142858,3.9510667903525047,0.2857142857142857,0.2857142857142857,0.42857142857142855
6B7997F2,-150.0,2.4,1943,-150.0,2.4,0.0,0.5,0.5
115655C2,3133.3333333333335,4.592592592592593,2199,3133.3333333333335,4.592592592592593,0.0,0.3333333333333333,0.6666666666666666
6A460FCD,5500.0,6.875,568,5500.0,6.875,0.0,0.0,1.0
5A283220,5133.333333333333,8.985185185185186,1285,5133.333333333333,8.985185185185186,0.0,0.3333333333333333,0.6666666666666666
28164DB9,3900.0,4.654761904761904,1493,3900.0,4.654761904761904,0.5,0.0,0.5
F93317B3,6100.0,5.9714285714285715,1813,6100.0,5.9714285714285715,0.0,0.0,1.0
471193DA,-3733.3333333333335,0.0,2178,-2275.0,0.328125,0.25,0.75,0.0
E4B5D200,-2133.3333333333335,0.7142857142857143,2085,-2133.3333333333335,0.7142857142857143,0.3333333333333333,0.6666666666666666,0.0
2267EAF6,5600.0,3.111111111111111,1137,5600.0,3.111111111111111,0.0,0.0,1.0
BEB41384,7200.0,18.0,2047,7200.0,18.0,1.0,0.0,0.0
193AB2D4,8300.0,13.833333333333334,1419,8300.0,13.833333333333334,0.0,0.0,1.0
DA2A98BB,2200.0,1.1,2033,2200.0,1.1,1.0,0.0,0.0
3064B0B7,2166.6666666666665,2.183333333333333,1954,1725.0,1.8375,0.0,0.25,0.75
0AA5C109,-233.33333333333334,1.0526315789473684,2055,1971.4285714285713,2.3992003819071486,0.42857142857142855,0.2857142857142857,0.2857142857142857
007C2541,-6366.666666666667,0.0,1553,-6366.666666666667,0.0,0.0,1.0,0.0
D76C79CD,-2350.0,11.5,2129,-2350.0,11.5,0.5,0.5,0.0
68363811,1100.0,10.11111111111111,1971,3166.6666666666665,8.507309941520466,0.0,0.3333333333333333,0.6666666666666666
BE4B1889,3100.0,18.666666666666668,2224,2730.0,7.986302521008405,0.5,0.3,0.2
DBAC9005,3100.0,3.852564102564102,2099,1136.3636363636363,7.972852904671086,0.36363636363636365,0.36363636363636365,0.2727272727272727
61A2669E,-933.3333333333334,3.4313725490196076,2208,1850.0,5.215588808622864,0.6666666666666666,0.16666666666666666,0.16666666666666666
92F2C52C,1466.6666666666667,1.8452380952380951,2227,-875.0,1.3839285714285714,0.25,0.5,0.25
2EDD13EF,2366.6666666666665,7.375,1833,2925.0,17.03125,0.25,0.25,0.5
240490A1,6900.0,8.07638888888889,1838,6900.0,8.07638888888889,1.0,0.0,0.0
4685BB4D,3166.6666666666665,3.780637254901961,1936,3975.0,6.835477941176471,0.5,0.25,0.25
E3B54487,4400.0,2.7962962962962963,2019,3316.6666666666665,9.62037037037037,0.5,0.16666666666666666,0.3333333333333333
B82EE52F,-500.0,0.0,1263,-500.0,0.0,0.0,1.0,0.0
DA92C3C9,200.0,6.466666666666666,2170,-920.0,4.225454545454545,0.2,0.4,0.4
E35B1925,4766.666666666667,4.490196078431373,2112,1300.0,3.3676470588235294,0.5,0.5,0.0
69F19E30,5966.666666666667,8.977777777777778,2157,3600.0,5.562689691261119,0.42857142857142855,0.14285714285714285,0.42857142857142855
A60B94CF,4466.666666666667,5.314814814814814,2192,4466.666666666667,5.314814814814814,0.6666666666666666,0.3333333333333333,0.0
EA2C8531,1900.0,11.289473684210526,2021,4550.0,21.714448380566797,0.3333333333333333,0.16666666666666666,0.5
26DC22C7,5650.0,6.410256410256411,1849,5650.0,6.410256410256411,0.5,0.0,0.5
A0528761,700.0,0.425,2202,700.0,0.425,0.5,0.0,0.5
D5E9F71D,-3450.0,0.2222222222222222,1662,-3450.0,0.2222222222222222,0.0,0.5,0.5
5904B472,2300.0,1.6428571428571428,1449,2300.0,1.6428571428571428,0.0,0.0,1.0
55818C78,-2000.0,1.1666666666666667,1725,-1275.0,1.0,0.5,0.5,0.0
B7FB465F,4033.3333333333335,18.7,2074,3250.0,14.14342105263158,0.25,0.25,0.5
1C317D52,9100.0,22.75,1473,9100.0,22.75,1.0,0.0,0.0
5A2968C4,2933.3333333333335,15.0,1937,3950.0,13.194444444444445,0.25,0.25,0.5
73CDC6F0,7300.0,9.53030303030303,2212,1418.1818181818182,5.735537190082645,0.45454545454545453,0.36363636363636365,0.18181818181818182
A0C87EEA,5233.333333333333,16.333333333333332,2104,3246.6666666666665,7.638692990016519,0.3333333333333333,0.26666666666666666,0.4
8B1C7BD4,800.0,1.8235294117647058,2196,961.2903225806451,6.778815681472229,0.3225806451612903,0.45161290322580644,0.22580645161290322
C677471E,3333.3333333333335,5.026785714285714,2127,2575.0,3.9575892857142856,0.75,0.25,0.0
34A8CCF5,7400.0,3.8947368421052633,1086,7400.0,3.8947368421052633,1.0,0.0,0.0
963D3242,-5133.333333333333,0.0,1909,-1625.0,2.225,0.25,0.75,0.0
D2A0CA57,5500.0,6.935672514619884,2211,2385.714285714286,4.147702670811915,0.5,0.2857142857142857,0.21428571428571427
2C0999B5,6600.0,31.3125,1109,6600.0,31.3125,0.0,0.0,1.0
613AC741,2733.3333333333335,2.237606837606837,1738,2950.0,2.3705128205128205,0.5,0.25,0.25
2C1DED5D,7900.0,13.166666666666666,2156,7900.0,13.166666666666666,0.0,0.0,1.0
C656FB9B,9600.0,5.333333333333333,1851,9600.0,5.333333333333333,0.0,0.0,1.0
E4E5D3DC,4700.0,6.659090909090909,1758,4700.0,6.659090909090909,0.5,0.0,0.5
25CFE961,1600.0,1.2307692307692308,1889,1600.0,1.2307692307692308,0.0,0.0,1.0
B26355A5,-700.0,33.0,2210,-650.0,18.4375,0.375,0.5,0.125
62AAB8C2,-1266.6666666666667,1.2156862745098038,2201,3071.4285714285716,4.597362278244631,0.42857142857142855,0.2857142857142857,0.2857142857142857
39269E8A,10000.0,33.333333333333336,755,10000.0,33.333333333333336,1.0,0.0,0.0
18D711DC,9700.0,13.857142857142858,1336,9700.0,13.857142857142858,0.0,0.0,1.0
B8C5C96C,2500.0,13.25925925925926,2112,340.0,8.284126984126985,0.4,0.4,0.2
D82B5515,3950.0,3.1333333333333333,1488,3950.0,3.1333333333333333,0.5,0.5,0.0
C27A7757,5600.0,9.333333333333334,1434,5600.0,9.333333333333334,0.0,0.0,1.0
842A091A,-4300.0,1.4444444444444444,1873,-1400.0,1.3886630036630039,0.3,0.5,0.2
6B971FCB,3800.0,2.375,610,3800.0,2.375,0.0,0.0,1.0
EEFD4047,1966.6666666666667,1.9166666666666667,2112,-16.666666666666668,3.1527777777777772,0.16666666666666666,0.6666666666666666,0.16666666666666666
7FDAEB1C,6500.0,4.037098930481283,2093,4390.0,3.542098187759952,0.2,0.2,0.6
24F81CF0,5433.333333333333,3.671185539606592,2155,3750.0,7.23142610313663,0.3333333333333333,0.16666666666666666,0.5
4E259D50,2550.0,2.7666666666666666,1569,2550.0,2.7666666666666666,0.0,0.5,0.5
7F99B62C,4300.0,9.296296296296298,2041,-112.5,3.814236111111111,0.375,0.375,0.25
5028CA60,400.0,1.3738191632928476,2087,-1850.0,1.0303643724696356,0.25,0.5,0.25
D502D7AA,3500.0,17.833333333333332,2086,4642.857142857143,11.088888888888889,0.8571428571428571,0.0,0.14285714285714285
A0D12526,3433.3333333333335,2.9607843137254903,1822,4100.0,3.0232198142414863,0.5,0.25,0.25
A2CBF034,-1300.0,0.5128205128205129,2153,1742.857142857143,3.7857975357975358,0.42857142857142855,0.42857142857142855,0.14285714285714285
2D602F54,1600.0,2.194444444444444,1784,1600.0,2.194444444444444,0.6666666666666666,0.0,0.3333333333333333
F37BF075,933.3333333333334,5.0,2144,922.2222222222222,10.314285714285715,0.3333333333333333,0.3333333333333333,0.3333333333333333
1D8C4C1E,2550.0,3.0076923076923077,1990,2550.0,3.0076923076923077,0.5,0.0,0.5
C0B6EE16,2550.0,2.7954545454545454,1153,2550.0,2.7954545454545454,0.5,0.0,0.5
F2D93C59,6400.0,4.627104377104377,1633,5850.0,4.424873737373737,0.75,0.0,0.25
0D4E86E0,-3833.3333333333335,10.5,1536,-3833.3333333333335,10.5,0.3333333333333333,0.6666666666666666,0.0
245EB671,4600.0,3.6666666666666665,2214,2950.0,2.6004901960784315,0.375,0.375,0.25
5D20236C,3800.0,4.241666666666666,2169,1920.0,3.235909090909091,0.6,0.4,0.0
14B2D2E7,9500.0,6.333333333333333,1022,9500.0,6.333333333333333,0.0,0.0,1.0
68415BA5,-366.6666666666667,1.2722222222222221,2149,277.77777777777777,2.430527497194164,0.0,0.4444444444444444,0.5555555555555556
3AEB300D,3866.6666666666665,5.358585858585858,2181,1866.6666666666667,4.588383838383838,0.3333333333333333,0.3333333333333333,0.3333333333333333
465E51CE,5466.666666666667,3.7970588235294116,2128,4037.5,2.9858035395332223,0.5,0.0625,0.4375
8D6F0FD8,1650.0,11.25,2093,1650.0,11.25,0.0,0.0,1.0
B4FD82C4,-1550.0,1.6875,1806,-1550.0,1.6875,0.0,0.5,0.5
E4035224,4750.0,5.825,1582,4750.0,5.825,1.0,0.0,0.0
E3BA7DE1,1533.3333333333333,10.111111111111112,2018,875.0,3.62856188949939,0.1875,0.3125,0.5
2085BB17,1500.0,11.6,2209,1811.764705882353,5.969281045751635,0.29411764705882354,0.29411764705882354,0.4117647058823529
0D4E6965,2533.3333333333335,3.1620370370370368,1136,2775.0,4.121527777777778,0.75,0.0,0.25
3FA77C7E,5300.0,3.644607843137255,2095,3400.0,3.7142114421526182,0.5714285714285714,0.14285714285714285,0.2857142857142857
73E709B8,6366.666666666667,5.486111111111111,1451,5450.0,4.958333333333333,1.0,0.0,0.0
3D6A787F,-2500.0,2.2564102564102564,1673,-555.5555555555555,2.3916429249762583,0.2222222222222222,0.5555555555555556,0.2222222222222222
76E2F87F,2750.0,4.211111111111111,797,2750.0,4.211111111111111,0.0,0.0,1.0
8E25F6E9,-7766.666666666667,0.0,1504,-3900.0,0.7,0.0,0.6,0.4
2FFF4D14,-850.0,1.1666666666666667,1385,-850.0,1.1666666666666667,0.5,0.5,0.0
A13F79B3,-9700.0,0.0,1850,-9700.0,0.0,0.0,1.0,0.0
14B66A62,-1500.0,0.7999999999999999,2203,125.0,3.725,0.25,0.5,0.25
3CA929A2,-3333.3333333333335,0.9814814814814815,1757,-320.0,1.741830065359477,0.2,0.6,0.2
EBF1FDE8,8000.0,18.80952380952381,1524,8000.0,18.80952380952381,1.0,0.0,0.0
EC488D06,4533.333333333333,7.118580765639589,1361,4533.333333333333,7.118580765639589,0.6666666666666666,0.0,0.3333333333333333
7CEED685,900.0,3.4488017429193896,1263,900.0,3.4488017429193896,0.0,0.3333333333333333,0.6666666666666666
6044BA19,-300.0,7.083333333333333,2207,-300.0,7.083333333333333,0.5,0.5,0.0
6901D946,-5400.0,0.0,2194,-5400.0,0.0,0.0,1.0,0.0
52490EEA,5766.666666666667,3.527941176470588,2119,3275.0,2.645955882352941,0.25,0.25,0.5
8E595E97,-9000.0,0.0,1752,-9000.0,0.0,0.0,1.0,0.0
FEF59336,-3133.3333333333335,0.0,2166,875.0,2.7650240384615383,0.125,0.625,0.25
ED82D52A,5650.0,5.663742690058479,2162,5650.0,5.663742690058479,0.5,0.0,0.5
34C66526,2566.6666666666665,4.466165413533834,2159,2566.6666666666665,4.466165413533834,0.3333333333333333,0.3333333333333333,0.3333333333333333
EE40BE08,1933.3333333333333,4.988888888888889,2049,1933.3333333333333,4.988888888888889,0.3333333333333333,0.3333333333333333,0.3333333333333333
B1340F91,-633.3333333333334,3.702614379084967,1892,1300.0,4.551960784313725,0.0,0.25,0.75
C9FE29B0,3900.0,2.4375,1226,3900.0,2.4375,0.0,0.0,1.0
FB65DE77,2133.3333333333335,9.733333333333333,2188,4028.5714285714284,7.483823074684419,0.2857142857142857,0.14285714285714285,0.5714285714285714
B4C35D7D,-5900.0,0.0,1180,-5900.0,0.0,0.0,1.0,0.0
A34F1F6C,1800.0,1.3846153846153846,1013,1800.0,1.3846153846153846,0.0,0.0,1.0
01453339,133.33333333333334,1.8055555555555554,2162,2244.4444444444443,3.4364740145570902,0.3888888888888889,0.2777777777777778,0.3333333333333333
E1909478,-100.0,0.0,1053,-100.0,0.0,0.0,1.0,0.0
9A8CF363,-3233.3333333333335,0.14035087719298245,1634,-3233.3333333333335,0.14035087719298245,0.3333333333333333,0.6666666666666666,0.0
9AB17EC4,150.0,2.5555555555555554,2183,150.0,2.5555555555555554,0.5,0.5,0.0
B4340CEC,-2000.0,2.0833333333333335,946,-2000.0,2.0833333333333335,0.5,0.5,0.0
E98B179B,600.0,1.7878787878787878,2154,410.0,2.6288636363636364,0.4,0.5,0.1
E085BF23,-766.6666666666666,1.4571428571428573,2151,77.77777777777777,2.812698412698413,0.2222222222222222,0.3333333333333333,0.4444444444444444
45F4AB79,5900.0,7.050747863247863,2020,3755.5555555555557,5.685775603538762,0.3333333333333333,0.1111111111111111,0.5555555555555556
CB7F15B2,3366.6666666666665,9.333333333333334,2041,2200.0,6.959999999999999,0.4,0.2,0.4
C7440CBF,7366.666666666667,5.154166666666667,1888,2700.0,3.577083333333333,0.3333333333333333,0.3333333333333333,0.3333333333333333
82ECA241,600.0,5.246031746031746,2032,2957.1428571428573,4.207603831006087,0.42857142857142855,0.2857142857142857,0.2857142857142857
331B6148,-1500.0,0.4285714285714286,2203,-776.9230769230769,2.0212971239287025,0.15384615384615385,0.46153846153846156,0.38461538461538464
4FBA0F8A,3900.0,4.333333333333333,574,3900.0,4.333333333333333,1.0,0.0,0.0
D28AD870,3733.3333333333335,7.2592592592592595,2069,3733.3333333333335,7.2592592592592595,0.6666666666666666,0.0,0.3333333333333333
E0A14E95,4300.0,2.84375,2187,4300.0,2.84375,0.5,0.5,0.0
3E883649,-3333.3333333333335,0.0,2148,-616.6666666666666,3.6773090815273477,0.25,0.5,0.25
EC98198F,-5200.0,0.0,479,-5200.0,0.0,0.0,1.0,0.0
13491846,-1466.6666666666667,0.942495126705653,1848,2033.3333333333333,4.578265107212475,0.16666666666666666,0.16666666666666666,0.6666666666666666
70783363,6400.0,16.0,1173,6400.0,16.0,0.0,0.0,1.0
EF1723B6,4600.0,3.5320512820512824,2110,4327.272727272727,8.200578461942099,0.5454545454545454,0.18181818181818182,0.2727272727272727
9537E9E2,5133.333333333333,6.114814814814815,2064,500.0,3.668888888888888,0.2,0.4,0.4
DD2AF5D6,1166.6666666666667,2.6181818181818186,2197,2780.0,3.6997979797979794,0.4,0.2,0.4
E9C8343F,7066.666666666667,5.264035087719297,2183,2547.8260869565215,6.837272033839539,0.34782608695652173,0.2608695652173913,0.391304347826087
F26AD67B,-6900.0,0.0,2081,-6900.0,0.0,0.0,1.0,0.0
C66FDA0C,2366.6666666666665,3.8888888888888893,2058,1450.0,3.3083333333333336,0.5,0.375,0.125
3A1B7EE5,-1700.0,0.7619047619047619,2228,1090.909090909091,9.563636363636364,0.2727272727272727,0.45454545454545453,0.2727272727272727
0AA039D6,-4166.666666666667,2.777777777777778,2092,-4166.666666666667,2.777777777777778,0.3333333333333333,0.6666666666666666,0.0
5AC9157E,4900.0,3.833333333333333,2128,4900.0,3.833333333333333,0.5,0.0,0.5
666B322A,-3766.6666666666665,0.9791666666666666,2200,50.0,3.897423890608875,0.3,0.4,0.3
6FFE1856,3866.6666666666665,3.3568627450980393,1655,4920.0,4.387450980392156,0.6,0.0,0.4
3EEF3DD6,7433.333333333333,10.683333333333332,1798,7433.333333333333,10.683333333333332,0.3333333333333333,0.0,0.6666666666666666
3D0B4F32,933.3333333333334,4.351851851851852,2175,2855.5555555555557,4.806483639816974,0.2222222222222222,0.2222222222222222,0.5555555555555556
2049AE0D,500.0,6.166666666666667,1436,500.0,6.166666666666667,0.0,0.5,0.5
AF0E0B6D,1600.0,16.0,881,1600.0,16.0,1.0,0.0,0.0
4F01CB4E,5100.0,8.5,1825,5100.0,8.5,1.0,0.0,0.0
015D3EF3,2500.0,1.9351851851851851,2122,2500.0,1.9351851851851851,0.3333333333333333,0.0,0.6666666666666666
448D5718,5766.666666666667,4.723707664884135,2140,1757.8947368421052,3.896890957339874,0.3684210526315789,0.3157894736842105,0.3157894736842105
FBD47E8F,9450.0,8.173202614379084,2184,9450.0,8.173202614379084,0.0,0.0,1.0
691025E4,3633.3333333333335,7.333333333333333,1696,3633.3333333333335,7.333333333333333,0.6666666666666666,0.3333333333333333,0.0
D6707AE8,1533.3333333333333,20.538461538461537,2104,1692.857142857143,8.237408424908425,0.21428571428571427,0.35714285714285715,0.42857142857142855
F7CE40C2,4400.0,4.888888888888889,1618,4400.0,4.888888888888889,1.0,0.0,0.0
08A4983F,4900.0,6.662337662337662,2204,4900.0,6.662337662337662,0.5,0.0,0.5
39111402,4566.666666666667,22.187719298245614,1496,4566.666666666667,22.187719298245614,0.3333333333333333,0.0,0.6666666666666666
AE4DEBEE,1600.0,1.7541666666666667,1600,1600.0,1.7541666666666667,0.3333333333333333,0.3333333333333333,0.3333333333333333
3370E1E8,3733.3333333333335,3.9343434343434343,1969,1383.3333333333333,4.550505050505051,0.3333333333333333,0.3333333333333333,0.3333333333333333
5EEE0B55,300.0,1.9097222222222223,2121,475.0,3.5010723039215685,0.125,0.375,0.5
02E3AB35,5100.0,4.012987012987013,1702,5100.0,4.012987012987013,0.0,0.0,1.0
6A6F4686,5500.0,7.8311688311688314,2063,1450.0,4.075355373792874,0.375,0.375,0.25
84863D07,-400.0,2.772727272727273,2046,-400.0,2.772727272727273,0.0,0.5,0.5
F8C3E468,2400.0,1.7255892255892256,1983,3175.0,1.9816919191919191,0.5,0.0,0.5
6D092AFC,966.6666666666666,5.484126984126984,1618,966.6666666666666,5.484126984126984,0.0,0.3333333333333333,0.6666666666666666
E8A48FC8,9900.0,24.75,1781,9900.0,24.75,0.0,0.0,1.0
FE2DE344,-1800.0,3.5555555555555554,1874,525.0,3.708333333333333,0.25,0.5,0.25
790D43F8,-1650.0,3.0833333333333335,1984,-1650.0,3.0833333333333335,0.0,0.5,0.5
23C27BA9,1300.0,2.494444444444445,1824,1300.0,2.494444444444445,0.0,0.3333333333333333,0.6666666666666666
76F0942D,-433.3333333333333,3.576190476190476,2222,2088.8888888888887,10.593553443587844,0.37037037037037035,0.2962962962962963,0.3333333333333333
B07E38B7,1900.0,4.58974358974359,1453,780.0,6.653846153846155,0.0,0.4,0.6
A890C0D2,-6133.333333333333,0.0,2183,-3050.0,2.5833333333333335,0.25,0.75,0.0
1381FE46,4266.666666666667,7.333333333333333,2066,2425.0,5.609116809116809,0.25,0.3333333333333333,0.4166666666666667
94BD686A,8200.0,30.982456140350877,2171,4762.5,13.770129870129871,0.375,0.125,0.5
1F89BD35,-6533.333333333333,0.0,2076,-1500.0,0.976388888888889,0.25,0.625,0.125
77509E1F,3566.6666666666665,5.206060606060606,2107,-1606.6666666666667,2.161533758639022,0.06666666666666667,0.6,0.3333333333333333
FD3C6F70,4400.0,7.871794871794871,1881,4400.0,7.871794871794871,0.3333333333333333,0.0,0.6666666666666666
3093F014,5500.0,7.181818181818182,1120,5500.0,7.181818181818182,0.0,0.0,1.0
21A2671F,3400.0,2.125,1467,3400.0,2.125,1.0,0.0,0.0
57C0E46F,5433.333333333333,2.9287280701754383,2185,3900.0,3.0786654135338347,0.8,0.0,0.2
C25BCB61,6150.0,4.144607843137255,629,6150.0,4.144607843137255,0.5,0.0,0.5
EDA924C6,6400.0,14.142857142857144,1725,6475.0,11.723809523809525,0.5,0.0,0.5
8DCEA411,-4466.666666666667,0.17647058823529413,1829,100.0,1.9647535127411286,0.3333333333333333,0.3333333333333333,0.3333333333333333
97094FB3,2666.6666666666665,1.6166666666666665,2193,2287.5,6.175694444444444,0.25,0.375,0.375
463DE736,-1066.6666666666667,1.792929292929293,2007,1940.0,6.475757575757575,0.6,0.2,0.2
21A144A2,400.0,5.083333333333333,1686,400.0,5.083333333333333,0.3333333333333333,0.3333333333333333,0.3333333333333333
FF747F0F,-2600.0,0.0,1249,-2600.0,0.0,0.0,1.0,0.0
A386D3CD,-3200.0,0.8627450980392157,1933,-215.0,3.546867478926303,0.2,0.5,0.3
DBED7477,7300.0,8.11111111111111,1820,7300.0,8.11111111111111,1.0,0.0,0.0
C14477EB,-2266.6666666666665,0.7017543859649122,2214,500.0,2.9707602339181287,0.25,0.5,0.25
72229688,5000.0,5.2,1678,5000.0,5.2,0.5,0.0,0.5
9A5007C4,1600.0,4.0,2066,1600.0,4.0,0.0,0.5,0.5
C4782977,166.66666666666666,1.5555555555555556,2196,-1360.0,1.791111111111111,0.2,0.5,0.3
6FA41343,1533.3333333333333,1.2549019607843137,2005,1533.3333333333333,1.2549019607843137,0.3333333333333333,0.0,0.6666666666666666
1F08B1E5,2400.0,1.6,566,2400.0,1.6,1.0,0.0,0.0
492A0AFA,1133.3333333333333,7.279411764705883,2191,2584.6153846153848,3.8301428097450962,0.5384615384615384,0.3076923076923077,0.15384615384615385
58B6CADE,4900.0,2.9467592592592595,2172,3110.5263157894738,7.5774241882988,0.42105263157894735,0.2631578947368421,0.3157894736842105
18728712,1400.0,1.7037037037037035,1782,1400.0,1.7037037037037035,0.0,0.6666666666666666,0.3333333333333333
898C6908,7600.0,76.0,981,7600.0,76.0,0.0,0.0,1.0
B2347E3F,3033.3333333333335,2.6427350427350427,1933,2433.3333333333335,2.9463675213675216,0.6666666666666666,0.16666666666666666,0.16666666666666666
3E929A46,7100.0,17.11111111111111,1451,7100.0,17.11111111111111,0.0,0.0,1.0
582AC37A,-3733.3333333333335,0.625,1345,-3733.3333333333335,0.625,0.0,0.6666666666666666,0.3333333333333333
1073F799,-7266.666666666667,0.0,2078,-1693.3333333333333,1.3977093878487068,0.26666666666666666,0.5333333333333333,0.2
BAA06877,-650.0,0.03125,1968,-650.0,0.03125,0.5,0.5,0.0
2E79666C,5950.0,20.285714285714285,1634,5950.0,20.285714285714285,0.5,0.0,0.5
3359DB1E,-7700.0,0.0,1769,-7700.0,0.0,0.0,1.0,0.0
409D35EA,2033.3333333333333,3.195767195767196,1959,2640.0,2.8605975723622783,0.4,0.2,0.4
0190F114,700.0,3.3000000000000003,1562,775.0,2.6220588235294118,0.5,0.25,0.25
65211F6C,-1950.0,0.46875,2103,-1950.0,0.46875,0.5,0.5,0.0
F0B8F1C7,300.0,2.3,2151,300.0,2.3,0.5,0.5,0.0
27CF38C3,4033.3333333333335,4.537037037037037,2136,3516.6666666666665,4.834757834757834,0.3333333333333333,0.16666666666666666,0.5
978B8445,-1833.3333333333333,1.3333333333333333,1600,-1814.2857142857142,1.658008658008658,0.2857142857142857,0.5714285714285714,0.14285714285714285
84739892,1433.3333333333333,6.5,2143,-400.0,6.699404761904763,0.125,0.5,0.375
56BA6C12,-2000.0,10.666666666666666,2196,563.6363636363636,11.029870129870131,0.45454545454545453,0.36363636363636365,0.18181818181818182
A4CB5752,1400.0,4.962962962962963,2063,1053.3333333333333,3.2220863433092535,0.2,0.3333333333333333,0.4666666666666667
810B71D0,4800.0,6.0,603,4800.0,6.0,1.0,0.0,0.0
7895717C,1900.0,6.333333333333333,1673,1900.0,6.333333333333333,1.0,0.0,0.0
10920EE0,4366.666666666667,5.188888888888889,2024,4316.666666666667,8.397222222222222,0.5,0.16666666666666666,0.3333333333333333
CFF76686,2366.6666666666665,2.680555555555556,2113,1540.0,2.365277777777778,0.2,0.3,0.5
68816B9B,4200.0,10.5,655,4200.0,10.5,0.0,0.0,1.0
2408C418,7500.0,28.076923076923077,1430,7500.0,28.076923076923077,0.3333333333333333,0.0,0.6666666666666666
26516EEE,8100.0,5.0625,895,8100.0,5.0625,0.0,0.0,1.0
57CA2423,-4600.0,0.0,1043,-4600.0,0.0,0.0,1.0,0.0
1866B670,6500.0,5.923015873015873,1272,6500.0,5.923015873015873,0.3333333333333333,0.0,0.6666666666666666
2E18E256,-4800.0,0.0,1212,-4800.0,0.0,0.0,1.0,0.0
AD38DC6E,4600.0,9.2,1358,4600.0,9.2,0.0,0.0,1.0
F04010D8,2233.3333333333335,33.0,1892,2950.0,17.98263888888889,0.3333333333333333,0.3333333333333333,0.3333333333333333
141D2CF5,1500.0,3.9090909090909087,2223,1500.0,3.9090909090909087,0.6666666666666666,0.3333333333333333,0.0
647905FD,7100.0,3.736842105263158,1203,7100.0,3.736842105263158,1.0,0.0,0.0
CB819F1C,2700.0,11.0,2224,2837.5,6.232730263157895,0.5,0.25,0.25
9FDD53B1,-333.3333333333333,2.196969696969697,1326,-333.3333333333333,2.196969696969697,0.0,0.3333333333333333,0.6666666666666666
FE1021C3,3750.0,3.75,1455,3750.0,3.75,0.5,0.0,0.5
D9E607F7,-3600.0,0.9333333333333332,2157,-1571.4285714285713,1.0642857142857143,0.42857142857142855,0.42857142857142855,0.14285714285714285
0C29817B,5600.0,11.661111111111111,2224,1122.2222222222222,3.830665784832451,0.3333333333333333,0.3888888888888889,0.2777777777777778
0CF7F778,-3833.3333333333335,1.1666666666666667,2090,-1220.0,1.9266666666666665,0.2,0.6,0.2
7B5E1CAB,2500.0,2.904761904761905,2193,2825.0,2.9702380952380953,0.5,0.25,0.25
1ACD6205,-2066.6666666666665,0.5789473684210527,1956,-637.5,1.0024587985114302,0.0,0.625,0.375
F42E1408,-200.0,4.5625,1543,-200.0,4.5625,0.5,0.5,0.0
E383CB37,200.0,1.1785714285714286,2176,960.0,8.368681318681318,0.4,0.2,0.4
386245A5,4500.0,2.8088235294117645,612,4500.0,2.8088235294117645,0.5,0.0,0.5
EECCE614,4633.333333333333,9.236111111111112,1491,3050.0,6.927083333333334,0.5,0.5,0.0
37235383,-150.0,2.590909090909091,1463,-150.0,2.590909090909091,0.5,0.5,0.0
3B0066B2,2100.0,9.428571428571429,1414,2100.0,9.428571428571429,0.5,0.0,0.5
B7CD4387,-733.3333333333334,2.966666666666667,1943,-733.3333333333334,2.966666666666667,0.0,0.6666666666666666,0.3333333333333333
92DC309C,-3400.0,0.6666666666666666,2216,-1000.0,2.0416666666666665,0.5,0.3333333333333333,0.16666666666666666
E1FAAA08,9600.0,9.6,970,9600.0,9.6,0.0,0.0,1.0
FE55319B,-4500.0,0.0,1886,-4500.0,0.0,0.0,1.0,0.0
B0B0BAC1,2933.3333333333335,6.415204678362573,1917,4320.0,5.91578947368421,0.4,0.0,0.6
64E9B0BF,2700.0,2.5,2178,75.0,1.875,0.5,0.25,0.25
BA56984B,6533.333333333333,6.746867167919799,1977,6025.0,5.76327537593985,0.25,0.0,0.75
E6B4C4D3,4333.333333333333,6.023391812865497,1565,4333.333333333333,6.023391812865497,0.6666666666666666,0.0,0.3333333333333333
2AD32DA9,-9500.0,0.0,1255,-9500.0,0.0,0.0,1.0,0.0
66A1D1E4,900.0,20.96078431372549,2016,2477.777777777778,11.017792302106027,0.5555555555555556,0.2222222222222222,0.2222222222222222
20410738,-4500.0,0.0,547,-4500.0,0.0,0.0,1.0,0.0
284745F7,-3400.0,1.4666666666666668,2052,-4850.0,1.1,0.0,0.75,0.25
86A1FBC3,5533.333333333333,4.444444444444445,2018,766.6666666666666,3.207070707070707,0.0,0.3333333333333333,0.6666666666666666
B224690B,3666.6666666666665,9.36996336996337,1519,3075.0,7.218648998060763,0.5,0.0,0.5
74CBC695,1600.0,3.087719298245614,1389,1600.0,3.087719298245614,0.0,0.0,1.0
B49480EC,5100.0,11.808333333333332,2122,3187.5,13.784895833333334,0.5,0.25,0.25
DC1E01E7,-1833.3333333333333,1.2833333333333334,2186,-716.6666666666666,2.2666666666666666,0.0,0.5,0.5
4C6EE90F,1400.0,6.666666666666667,2010,-1550.0,3.533333333333333,0.16666666666666666,0.5,0.3333333333333333
F3F219B4,-5800.0,0.0,708,-5800.0,0.0,0.0,1.0,0.0
0669F94E,3933.3333333333335,4.789173789173789,2120,3933.3333333333335,4.789173789173789,0.3333333333333333,0.0,0.6666666666666666
412ED494,8233.333333333334,5.967320261437909,1942,8233.333333333334,5.967320261437909,0.3333333333333333,0.0,0.6666666666666666
48B58C8A,1833.3333333333333,1.9775641025641024,1891,1572.7272727272727,4.9679792429792435,0.2727272727272727,0.2727272727272727,0.45454545454545453
97179360,7166.666666666667,4.94017094017094,1918,4085.714285714286,5.852930402930403,0.2857142857142857,0.2857142857142857,0.42857142857142855
EA0EBE52,-9200.0,0.0,517,-9200.0,0.0,0.0,1.0,0.0
2954F84A,7933.333333333333,8.606837606837606,2085,2700.0,4.085510350625343,0.2857142857142857,0.21428571428571427,0.5
AD432A5B,5500.0,14.271241830065359,2207,4220.0,9.046955624355004,0.6,0.0,0.4
D418F68B,4666.666666666667,2.6590943169890537,2152,2891.6666666666665,3.6079448755435597,0.5,0.25,0.25
5EB447B4,1200.0,1.5789473684210527,2106,1200.0,1.5789473684210527,0.0,0.5,0.5
8282249C,400.0,1.0,1909,400.0,1.0,0.0,0.0,1.0
6ECF48ED,-1700.0,1.3333333333333333,2146,191.66666666666666,1.8013468013468013,0.3333333333333333,0.5833333333333334,0.08333333333333333
9E9CBD73,2500.0,8.75,1752,2500.0,8.75,0.5,0.0,0.5
A7C0562E,-2800.0,0.0,1800,-2800.0,0.0,0.0,1.0,0.0
CB68236B,5466.666666666667,9.85,1924,5500.0,7.582051282051281,0.6666666666666666,0.0,0.3333333333333333
E8EB1D4F,33.333333333333336,3.3333333333333335,1502,860.0,3.1125,0.2,0.6,0.2
0B93D54A,-1766.6666666666667,0.19047619047619047,1928,150.0,0.8803571428571428,0.0,0.5,0.5
27B21FFF,5000.0,6.25,1974,5000.0,6.25,0.0,0.0,1.0
E21B9BEC,-1966.6666666666667,0.39999999999999997,1791,-1740.0,0.24,0.0,0.8,0.2
697A2188,4000.0,3.2944444444444443,2135,3820.0,4.191818181818182,0.8,0.0,0.2
B9A064C8,850.0,2.833333333333333,1663,850.0,2.833333333333333,1.0,0.0,0.0
C8D1B3A8,4466.666666666667,3.7192982456140355,2070,-142.85714285714286,2.203007518796993,0.42857142857142855,0.42857142857142855,0.14285714285714285
63E463DB,6500.0,6.688888888888888,1597,6500.0,6.688888888888888,0.0,0.0,1.0
7442415D,600.0,6.266666666666667,2050,3016.6666666666665,19.599999999999998,0.5,0.3333333333333333,0.16666666666666666
827191FF,7250.0,5.318627450980392,1962,7250.0,5.318627450980392,1.0,0.0,0.0
FB7088C8,4200.0,3.0936431989063564,2030,2775.0,2.3202323991797678,0.5,0.25,0.25
5D095548,-566.6666666666666,6.5,1740,-566.6666666666666,6.5,0.0,0.3333333333333333,0.6666666666666666
B3352220,650.0,0.8076923076923077,1988,650.0,0.8076923076923077,0.5,0.0,0.5
F0EF27CF,1133.3333333333333,0.737219887955182,1987,1133.3333333333333,0.7372198879551822,0.3333333333333333,0.0,0.6666666666666666
6E597620,-5866.666666666667,0.0,1795,-6475.0,0.0,0.0,1.0,0.0
B5D3CFAF,2100.0,4.182017543859649,1535,4060.0,12.83921052631579,0.2,0.2,0.6
4D479205,-2400.0,0.5263157894736842,1728,-2400.0,0.5263157894736842,0.5,0.5,0.0
819EF521,400.0,36.666666666666664,2176,1787.5,16.231189186200794,0.375,0.125,0.5
81B403E1,9300.0,4.894736842105263,577,9300.0,4.894736842105263,1.0,0.0,0.0
152E2B73,400.0,6.428571428571429,1837,400.0,6.428571428571429,0.5,0.5,0.0
2ECE96AF,4266.666666666667,4.791208791208791,1876,3960.0,4.405552342394448,0.0,0.2,0.8
83267BAF,-1166.6666666666667,1.9666666666666666,2062,320.0,4.732156862745098,0.4,0.4,0.2
08948C09,5566.666666666667,26.264957264957264,1845,5675.0,22.19871794871795,0.75,0.0,0.25
C0491886,-300.0,1.55,1726,-300.0,1.55,0.0,0.5,0.5
7C540EFD,8333.333333333334,6.886243386243386,2061,4400.0,4.040163039574805,0.5,0.1,0.4
D55D2603,-1466.6666666666667,1.303030303030303,1712,-33.333333333333336,3.586700336700337,0.3333333333333333,0.5,0.16666666666666666
58487DA6,400.0,0.4444444444444444,1228,400.0,0.4444444444444444,1.0,0.0,0.0
292A751B,7700.0,5.705653021442495,1718,4500.0,3.9833918128654973,0.4,0.2,0.4
41FAE41F,5350.0,10.08125,1194,5350.0,10.08125,0.5,0.0,0.5
16C09944,600.0,6.185185185185186,2201,1084.6153846153845,4.858787475854039,0.3076923076923077,0.3076923076923077,0.38461538461538464
C36853BD,-1400.0,0.0,1783,-1400.0,0.0,0.0,1.0,0.0
AE5B5678,-9600.0,0.0,2139,-9600.0,0.0,0.0,1.0,0.0
68C47550,650.0,1.225,2077,650.0,1.225,0.5,0.5,0.0
D610BE3E,1750.0,1.473856209150327,911,1750.0,1.473856209150327,0.5,0.0,0.5
0F66601C,2966.6666666666665,2.2280701754385963,1190,3650.0,4.046052631578947,0.25,0.25,0.5
25938411,766.6666666666666,1.6333333333333335,1972,-783.3333333333334,0.8250000000000001,0.0,0.6666666666666666,0.3333333333333333
2B03FF77,2200.0,3.8251748251748254,1608,840.0,2.7751048951048953,0.4,0.4,0.2
69A00A83,-733.3333333333334,4.416666666666667,1132,-860.0,2.672222222222222,0.2,0.4,0.4
B851B178,5300.0,3.7857142857142856,615,5300.0,3.7857142857142856,1.0,0.0,0.0
6112E252,-5200.0,0.0,1497,-5200.0,0.0,0.0,1.0,0.0
24B5A6A9,3400.0,5.545833333333333,2108,3620.0,4.379962121212121,0.4,0.3,0.3
634E89BA,666.6666666666666,2.733333333333333,2062,2066.6666666666665,7.112896825396825,0.3333333333333333,0.25,0.4166666666666667
782E26B2,933.3333333333334,2.794117647058824,1982,933.3333333333334,2.794117647058824,0.6666666666666666,0.3333333333333333,0.0
0187D272,6700.0,4.427777777777778,2006,6200.0,5.279166666666667,0.75,0.0,0.25
5DBF591A,3300.0,3.6666666666666665,2033,3300.0,3.6666666666666665,0.0,0.0,1.0
540399F8,5500.0,9.9,2105,5500.0,9.9,1.0,0.0,0.0
3E095AE7,3000.0,2.7373737373737375,2010,2066.6666666666665,2.7734487734487736,0.3333333333333333,0.16666666666666666,0.5
65FD39D2,-7700.0,0.0,2207,-7700.0,0.0,0.0,1.0,0.0
6722F945,5200.0,4.0,1015,5200.0,4.0,0.0,0.0,1.0
FCD17894,1300.0,2.227272727272727,1573,1300.0,2.227272727272727,0.0,0.5,0.5
8F55E5FD,-1766.6666666666667,0.5925925925925926,2222,2200.0,2.6333333333333337,0.4,0.2,0.4
FBE7D522,1900.0,2.040277777777778,2198,3366.6666666666665,5.265671211504545,0.4444444444444444,0.2222222222222222,0.3333333333333333
7E51502C,2700.0,6.432539682539683,1972,2150.0,4.938041125541126,0.5,0.0,0.5
89469B79,-4233.333333333333,0.2777777777777778,1359,-2975.0,0.7083333333333334,0.0,0.5,0.5
9EBAB781,7300.0,10.8875,1793,7300.0,10.8875,0.5,0.0,0.5
EEF103C4,3400.0,4.601190476190476,1989,3500.0,12.950892857142858,0.75,0.25,0.0
9A1A51DD,7366.666666666667,7.953042328042329,1172,6150.0,9.089781746031747,0.0,0.0,1.0
C39173E8,500.0,2.9629629629629632,1605,-450.0,2.2222222222222223,0.25,0.75,0.0
BBB600FB,6000.0,11.666666666666666,1238,6000.0,11.666666666666666,0.5,0.0,0.5
8BB86395,1600.0,5.333333333333333,1512,1600.0,5.333333333333333,1.0,0.0,0.0
417E93CA,7033.333333333333,17.177777777777777,1894,1266.6666666666667,10.422222222222222,0.16666666666666666,0.3333333333333333,0.5
AB9F6245,1800.0,17.125,752,1800.0,17.125,1.0,0.0,0.0
57C09F8D,4900.0,3.2666666666666666,754,4900.0,3.2666666666666666,1.0,0.0,0.0
BE5F87A6,-3600.0,0.0,2128,433.3333333333333,2.084722222222222,0.3333333333333333,0.5555555555555556,0.1111111111111111
98784DEE,8000.0,46.6904761904762,1857,3083.3333333333335,30.34523809523809,0.5,0.16666666666666666,0.3333333333333333
A7677625,5833.333333333333,15.266666666666666,1403,3542.8571428571427,10.631292517006802,0.14285714285714285,0.14285714285714285,0.7142857142857143
B2DB0ACB,1766.6666666666667,1.7403508771929825,2170,3800.0,2.955263157894737,0.5,0.25,0.25
F44DBBBC,5266.666666666667,38.666666666666664,2206,1300.0,15.520334928229664,0.2727272727272727,0.45454545454545453,0.2727272727272727
16734236,-566.6666666666666,1.5,2178,-233.33333333333334,5.861111111111112,0.3333333333333333,0.3333333333333333,0.3333333333333333
AD9F59FD,5600.0,6.575091575091574,2026,2350.0,3.9958791208791204,0.5,0.3333333333333333,0.16666666666666666
A1E08B27,2000.0,2.3947368421052633,2066,2000.0,2.3947368421052633,0.0,0.5,0.5
049F70FF,-1200.0,1.9666666666666668,2125,-1560.0,4.779999999999999,0.2,0.6,0.2
7C547BD1,-4100.0,0.4047619047619047,2182,-137.5,4.120586776377217,0.5,0.375,0.125
EC56F0EC,1466.6666666666667,3.1746031746031744,1930,2150.0,2.9642857142857144,0.5,0.25,0.25
FEE139CE,-5600.0,0.0,1166,-5600.0,0.0,0.0,1.0,0.0
4975841B,4800.0,24.0,2171,4800.0,24.0,1.0,0.0,0.0
B1C7B593,1133.3333333333333,11.0,2013,3285.714285714286,8.818112244897959,0.7142857142857143,0.2857142857142857,0.0
E6B53130,5666.666666666667,11.411111111111111,2089,3433.3333333333335,10.062981816658287,0.2777777777777778,0.2222222222222222,0.5
268173C7,-3166.6666666666665,0.0,2082,-225.0,5.375,0.25,0.75,0.0
DD5DB310,-1866.6666666666667,0.6666666666666666,2089,1153.3333333333333,4.156302294197031,0.3333333333333333,0.4,0.26666666666666666
C29B266C,7666.666666666667,17.344444444444445,2142,3516.6666666666665,19.505555555555556,0.0,0.3333333333333333,0.6666666666666666
9B3D79B6,-1366.6666666666667,4.2444444444444445,1915,750.0,20.933333333333334,0.25,0.25,0.5
4A165820,166.66666666666666,4.188888888888889,2182,1233.3333333333333,3.2093144328438448,0.6666666666666666,0.3333333333333333,0.0
13A0FF53,3666.6666666666665,4.787581699346405,2207,916.6666666666666,4.870903361344538,0.4166666666666667,0.3333333333333333,0.25
F1C4ED3D,-4933.333333333333,0.3703703703703704,1871,1009.0909090909091,9.167676767676769,0.36363636363636365,0.36363636363636365,0.2727272727272727
A1863609,2433.3333333333335,4.518518518518518,1687,4220.0,7.661111111111111,0.6,0.2,0.2
FDDF909C,-8400.0,0.0,2084,-8400.0,0.0,0.0,1.0,0.0
311F5A9F,-2766.6666666666665,0.9555555555555556,1039,-2766.6666666666665,0.9555555555555556,0.0,0.6666666666666666,0.3333333333333333
055470A0,-2350.0,0.9545454545454546,1463,-2350.0,0.9545454545454546,0.5,0.5,0.0
523AB2A5,5200.0,52.0,1647,5200.0,52.0,1.0,0.0,0.0
768354DA,2133.3333333333335,3.1157407407407405,2090,2133.3333333333335,3.1157407407407405,0.6666666666666666,0.3333333333333333,0.0
E4452036,3700.0,22.85185185185185,2150,2737.5,12.664025363933451,0.5625,0.3125,0.125
B6FDEFF3,-566.6666666666666,3.3333333333333335,2133,-566.6666666666666,3.3333333333333335,0.0,0.6666666666666666,0.3333333333333333
6B0FF904,1200.0,2.2083333333333335,1543,1200.0,2.2083333333333335,0.5,0.5,0.0
3A0101FA,8800.0,4.4,821,8800.0,4.4,0.0,0.0,1.0
8B59631A,-900.0,0.0,1544,-900.0,0.0,0.0,1.0,0.0
203ECF0D,-3700.0,0.0,1724,-3700.0,0.0,0.0,1.0,0.0
B3BFCF5C,7366.666666666667,5.088562091503268,2061,7700.0,5.175796568627451,0.75,0.0,0.25
D2EEA40F,3350.0,2.5,1708,3350.0,2.5,0.5,0.5,0.0
22F24030,-2300.0,1.3055555555555556,1707,-2300.0,1.3055555555555556,0.0,0.5,0.5
A8864AA0,2300.0,1.2105263157894737,1667,2300.0,1.2105263157894737,1.0,0.0,0.0
6D305972,2533.3333333333335,3.385281385281386,1571,2800.0,3.364016100858206,0.4444444444444444,0.3333333333333333,0.2222222222222222
353ACD20,3266.6666666666665,2.616013071895425,1976,1771.4285714285713,2.898926237161531,0.5714285714285714,0.14285714285714285,0.2857142857142857
F4DF6478,-750.0,0.10526315789473684,2052,-750.0,0.10526315789473684,0.0,0.5,0.5
2C36A32B,1466.6666666666667,7.883333333333333,1766,1466.6666666666667,7.883333333333333,0.6666666666666666,0.3333333333333333,0.0
856EC150,6033.333333333333,8.148148148148147,1999,2480.0,5.388888888888888,0.4,0.2,0.4
398AD97B,-2500.0,0.4444444444444444,2119,-1216.6666666666667,4.277777777777778,0.16666666666666666,0.6666666666666666,0.16666666666666666
B48686E1,3466.6666666666665,1.9541467304625197,1841,3466.6666666666665,1.9541467304625202,0.6666666666666666,0.0,0.3333333333333333
589101BF,-2000.0,0.6190476190476191,2222,883.3333333333334,2.524338624338624,0.16666666666666666,0.5,0.3333333333333333
B34038BA,-333.3333333333333,1.5666666666666667,2123,-537.5,2.88125,0.25,0.625,0.125
CFB87FE0,2300.0,1.538095238095238,1882,2300.0,1.538095238095238,0.0,0.0,1.0
DAA7E881,-4600.0,0.0,1716,66.66666666666667,2.849415204678363,0.3333333333333333,0.6666666666666666,0.0
E74A8802,5666.666666666667,30.710784313725487,1822,5666.666666666667,30.710784313725487,0.3333333333333333,0.0,0.6666666666666666
E6477E2E,1900.0,3.4166666666666665,2112,2560.0,3.236666666666667,0.2,0.6,0.2
0744D481,833.3333333333334,2.4761904761904763,1990,727.2727272727273,4.534343434343435,0.45454545454545453,0.45454545454545453,0.09090909090909091
7848BFD3,5400.0,18.0,1055,5400.0,18.0,1.0,0.0,0.0
4EBBA871,5833.333333333333,7.580693815987934,2165,6275.0,11.478932342167637,0.625,0.0,0.375
FAA9746C,4400.0,5.346825396825397,1719,3800.0,3.791428571428571,0.8,0.0,0.2
01EB03DD,300.0,2.9375,1622,300.0,2.9375,0.0,0.5,0.5
0528DF3C,-7766.666666666667,0.0,789,-7766.666666666667,0.0,0.0,1.0,0.0
2F35C7DB,3500.0,3.3927350427350427,2190,2142.8571428571427,3.7095999030209557,0.35714285714285715,0.21428571428571427,0.42857142857142855
6B40CCD6,6233.333333333333,31.787545787545785,1852,2444.4444444444443,12.777330077330078,0.5555555555555556,0.3333333333333333,0.1111111111111111
A5D378FA,5500.0,3.718073593073593,1851,4850.0,6.5923701298701305,0.6666666666666666,0.16666666666666666,0.16666666666666666
68BF3AEC,2966.6666666666665,3.4638888888888886,1983,3350.0,4.847916666666666,0.25,0.25,0.5
D9911802,6100.0,8.105882352941176,1223,6100.0,8.105882352941176,0.0,0.0,1.0
08E0A13C,5300.0,3.6544159544159545,2149,3875.0,7.202350427350428,0.5,0.125,0.375
7A92DB76,8400.0,4.421052631578948,1735,8400.0,4.421052631578948,0.0,0.0,1.0
17CC6CE9,850.0,0.631578947368421,1413,850.0,0.631578947368421,0.0,0.5,0.5
E2C7FFC6,150.0,49.0,828,150.0,49.0,0.5,0.5,0.0
77642236,5250.0,50.0,1635,5250.0,50.0,0.5,0.0,0.5
B1B6E92C,4666.666666666667,16.841666666666665,2118,1393.3333333333333,7.531907814407814,0.26666666666666666,0.3333333333333333,0.4
F5601A96,4633.333333333333,8.99047619047619,2194,4025.0,5.766071428571428,0.375,0.0,0.625
FF61C539,5466.666666666667,8.064814814814815,2103,2350.0,4.626157407407407,0.3333333333333333,0.3333333333333333,0.3333333333333333
222A714C,-5500.0,0.0,999,-5500.0,0.0,0.0,1.0,0.0
6D1A4F42,1466.6666666666667,1.0792483660130718,1619,4237.5,5.07733718487395,0.625,0.0,0.375
BA54FCA7,6733.333333333333,8.755555555555555,2000,5311.111111111111,12.214197530864197,0.2222222222222222,0.1111111111111111,0.6666666666666666
D98E2F6D,5700.0,6.333333333333333,1413,5700.0,6.333333333333333,0.0,0.0,1.0
A0F18FAA,-2600.0,1.25,2229,-2600.0,1.25,0.5,0.5,0.0
EB6FFC96,833.3333333333334,1.5496794871794872,2096,654.5454545454545,3.421842411973991,0.45454545454545453,0.36363636363636365,0.18181818181818182
B8E7CE41,-2466.6666666666665,1.5208333333333333,2132,-2466.6666666666665,1.5208333333333333,0.0,0.6666666666666666,0.3333333333333333
A340F4CF,-5666.666666666667,0.0,1638,-3675.0,0.4107142857142857,0.0,0.75,0.25
3160CFD2,-4600.0,0.0,1787,-4600.0,0.0,0.0,1.0,0.0
C44BE3BA,2100.0,3.7609427609427613,1970,4075.0,4.070707070707071,0.5,0.25,0.25
B5BFC196,4400.0,4.065656565656565,1952,5575.0,5.5770202020202015,0.25,0.25,0.5
398D8724,-3500.0,0.0,1094,-3500.0,0.0,0.0,1.0,0.0
3589FE54,-3400.0,0.0,1106,-3400.0,0.0,0.0,1.0,0.0
CD9ACC08,6700.0,7.924107142857143,1376,6700.0,7.924107142857143,0.5,0.0,0.5
82024553,3900.0,3.6875,1381,1550.0,2.7656249999999996,0.25,0.25,0.5
B08B7F04,2400.0,8.858333333333333,1876,2400.0,8.858333333333333,0.6666666666666666,0.3333333333333333,0.0
60C1C0FD,9400.0,5.222222222222222,2147,9400.0,5.222222222222222,1.0,0.0,0.0
B83088FA,-1400.0,0.0,997,-1400.0,0.0,0.0,1.0,0.0
D6D7E58F,4300.0,2.6838235294117645,1736,4300.0,2.6838235294117645,1.0,0.0,0.0
C137C2FF,-833.3333333333334,0.9333333333333332,2150,1536.3636363636363,4.264646464646464,0.45454545454545453,0.45454545454545453,0.09090909090909091
0324A838,300.0,1.5,1175,300.0,1.5,1.0,0.0,0.0
2C58514E,-2200.0,1.0,1945,-3633.3333333333335,0.5,0.0,0.6666666666666666,0.3333333333333333
E795FA5A,2366.6666666666665,2.0187134502923976,2027,3275.0,2.4515350877192983,0.5,0.25,0.25
3DFE78A5,-3300.0,0.0,1970,-3300.0,0.0,0.0,1.0,0.0
D2AA040E,6650.0,17.976190476190478,2009,6650.0,17.976190476190478,0.5,0.0,0.5
1404113F,-4100.0,0.3333333333333333,716,-4100.0,0.3333333333333333,0.5,0.5,0.0
271BAEB1,4500.0,42.75,2171,4500.0,42.75,0.0,0.0,1.0
9A4A5C1B,6333.333333333333,5.977564102564102,2154,1318.75,3.1332319179358654,0.1875,0.375,0.4375
D70B88C5,4066.6666666666665,5.281746031746032,2229,4157.142857142857,4.768304690297171,0.14285714285714285,0.0,0.8571428571428571
5584E2AC,-4050.0,0.3,1273,-4050.0,0.3,0.5,0.5,0.0
D5DC7878,4433.333333333333,11.629629629629632,2086,4433.333333333333,11.629629629629632,0.3333333333333333,0.3333333333333333,0.3333333333333333
40D470BE,3500.0,5.833333333333333,1536,3500.0,5.833333333333333,1.0,0.0,0.0
26F93FEC,5000.0,8.766666666666667,2201,1890.0,4.1595075757575755,0.3,0.3,0.4
71AE3464,5400.0,4.153846153846154,670,5400.0,4.153846153846154,0.0,0.0,1.0
68AC0488,3400.0,2.1666666666666665,2041,3400.0,2.1666666666666665,0.0,0.0,1.0
1110BA8F,-1666.6666666666667,0.35000000000000003,1986,916.6666666666666,2.3607142857142853,0.5,0.3333333333333333,0.16666666666666666
C5503379,66.66666666666667,2.9971509971509973,1949,2216.6666666666665,4.129858567358567,0.3333333333333333,0.16666666666666666,0.5
878B3D0B,-50.0,6.428571428571429,1653,-50.0,6.428571428571429,0.0,0.5,0.5
CCC1D9F1,100.0,1.6875,2016,100.0,1.6875,0.0,0.5,0.5
4DE9299A,-2166.6666666666665,2.0303030303030303,1921,683.3333333333334,5.3305109922756975,0.0,0.3333333333333333,0.6666666666666666
2AC5371E,4066.6666666666665,9.944444444444445,2119,5175.0,11.0,0.75,0.25,0.0
0296484F,5350.0,12.191176470588236,2154,5350.0,12.191176470588236,0.0,0.0,1.0
B92C2959,-3433.3333333333335,0.5,2228,-580.0,2.42,0.4,0.4,0.2
A730D2DA,-700.0,1.3416666666666668,2179,271.42857142857144,1.8779239766081872,0.5714285714285714,0.2857142857142857,0.14285714285714285
C51863F2,6900.0,3.45,615,6900.0,3.45,0.0,0.0,1.0
E38763D6,-8700.0,0.0,1222,-8700.0,0.0,0.0,1.0,0.0
F6905F71,-3300.0,0.0,2197,-2911.1111111111113,0.8833333333333333,0.1111111111111111,0.7777777777777778,0.1111111111111111
D1366AB4,-6000.0,0.0,702,-6000.0,0.0,0.0,1.0,0.0
96A0C37F,6000.0,4.868589743589744,1709,6000.0,4.868589743589744,1.0,0.0,0.0
351FD0E1,5950.0,6.650375939849624,2229,5950.0,6.650375939849624,0.5,0.0,0.5
11D2C6FF,-133.33333333333334,1.207282913165266,2161,3183.3333333333335,9.218540446481624,0.16666666666666666,0.16666666666666666,0.6666666666666666
4D9054B3,-433.3333333333333,5.303030303030303,1732,2066.6666666666665,5.632996632996633,0.6666666666666666,0.16666666666666666,0.16666666666666666
35DE8E3A,333.3333333333333,3.875,1952,3160.0,6.541666666666667,0.6,0.4,0.0
DE74E173,6200.0,6.791666666666666,1365,6200.0,6.791666666666666,0.0,0.0,1.0
C2B320A7,-566.6666666666666,5.333333333333333,1363,-566.6666666666666,5.333333333333333,0.3333333333333333,0.6666666666666666,0.0
C3CCDC25,-500.0,2.85,906,-500.0,2.85,0.0,0.5,0.5
72EFB37E,-7500.0,0.0,746,-7500.0,0.0,0.0,1.0,0.0
32BBD70C,3733.3333333333335,24.07777777777778,2206,1328.5714285714287,12.488095238095237,0.14285714285714285,0.2857142857142857,0.5714285714285714
5AC9489D,4266.666666666667,5.669537480063796,2026,912.5,3.8983286815523654,0.375,0.375,0.25
3171B45B,3866.6666666666665,12.833333333333334,1791,5180.0,9.321710526315789,0.0,0.2,0.8
3E6DA6DE,6466.666666666667,12.03846153846154,1832,6466.666666666667,12.03846153846154,0.6666666666666666,0.0,0.3333333333333333
70D095A5,1550.0,5.607142857142857,1681,1550.0,5.607142857142857,0.5,0.0,0.5
92EE8B9C,1533.3333333333333,2.6416666666666666,2217,1360.0,4.585,0.2,0.4,0.4
75E18E55,-3750.0,0.75,1947,-3750.0,0.75,0.5,0.5,0.0
A273437D,333.3333333333333,2.261111111111111,2053,1180.0,2.0614285714285714,0.4,0.2,0.4
3F660E7D,-1100.0,2.5277777777777777,2215,-1100.0,2.5277777777777777,0.0,0.6666666666666666,0.3333333333333333
924B58F2,8200.0,32.80634920634921,1944,4928.571428571428,21.04795918367347,0.2857142857142857,0.14285714285714285,0.5714285714285714
A2C53B36,-300.0,0.9583333333333334,2229,1275.0,1.5520833333333335,0.25,0.5,0.25
13F38A3D,7400.0,6.166666666666667,1850,7400.0,6.166666666666667,0.0,0.0,1.0
205909FD,3050.0,4.318181818181818,1767,3050.0,4.318181818181818,0.0,0.5,0.5
1843F42C,1700.0,8.177777777777777,2008,1700.0,8.177777777777777,0.3333333333333333,0.3333333333333333,0.3333333333333333
9ED7837C,5200.0,6.141666666666667,1065,5200.0,6.141666666666667,0.5,0.0,0.5
4883B10C,1333.3333333333333,3.1111111111111107,2031,1550.0,3.467147435897436,0.125,0.375,0.5
F74FC69A,4066.6666666666665,16.35185185185185,2208,5360.0,10.592924058512294,0.3333333333333333,0.2,0.4666666666666667
0A6CC950,-3000.0,0.6333333333333333,2067,-3350.0,0.475,0.0,0.75,0.25
28608FB4,166.66666666666666,1.2631578947368423,2141,1583.3333333333333,6.964912280701753,0.5,0.3333333333333333,0.16666666666666666
DE468AD6,7600.0,6.333333333333333,464,7600.0,6.333333333333333,1.0,0.0,0.0
B1019FD1,-2500.0,0.7000000000000001,1074,-2500.0,0.7000000000000001,0.0,0.6666666666666666,0.3333333333333333
8303F46E,1466.6666666666667,20.596491228070175,2223,2190.0,10.239766081871345,0.3,0.3,0.4
4B8E6516,3366.6666666666665,11.037037037037036,2191,2666.6666666666665,6.172652116402117,0.16666666666666666,0.4166666666666667,0.4166666666666667
833ED870,4066.6666666666665,13.113095238095239,2188,2850.0,6.917358930751789,0.21428571428571427,0.35714285714285715,0.42857142857142855
1919955A,9800.0,8.166666666666666,1731,9800.0,8.166666666666666,1.0,0.0,0.0
5BF3A917,2433.3333333333335,1.5623885918003566,639,2433.3333333333335,1.5623885918003566,0.0,0.0,1.0
03B0B763,1800.0,6.339869281045751,1944,1800.0,6.339869281045751,0.3333333333333333,0.3333333333333333,0.3333333333333333
08B22E9E,3600.0,2.769230769230769,748,3600.0,2.769230769230769,0.0,0.0,1.0
6D4A32B4,1100.0,2.2222222222222223,2185,2600.0,3.738885003885004,0.5333333333333333,0.26666666666666666,0.2
86657471,2300.0,1.2777777777777777,479,2300.0,1.2777777777777777,0.0,0.0,1.0
A8C7B13C,5700.0,11.229665071770336,1492,5525.0,20.922248803827753,0.25,0.0,0.75
B9A96EEB,333.3333333333333,0.3333333333333333,1884,-1125.0,0.25,0.25,0.5,0.25
6AE748C6,6250.0,7.863636363636363,2093,6250.0,7.863636363636363,0.5,0.0,0.5
C0DBE435,4900.0,9.8,1793,4900.0,9.8,0.0,0.0,1.0
18488289,-1033.3333333333333,1.0888888888888888,1640,-1033.3333333333333,1.0888888888888888,0.3333333333333333,0.3333333333333333,0.3333333333333333
AF5E9154,-9400.0,0.0,1219,-9400.0,0.0,0.0,1.0,0.0
EF47A8DA,4600.0,4.6,1646,4600.0,4.6,1.0,0.0,0.0
6902D348,6200.0,5.303921568627451,2228,1438.095238095238,4.952760933433202,0.3333333333333333,0.3333333333333333,0.3333333333333333
3E084EEE,-5300.0,0.0,1810,-2700.0,2.066666666666667,0.0,0.8,0.2
C113A822,-866.6666666666666,0.9351851851851851,2084,1737.5,3.8975198412698417,0.625,0.25,0.125
330C98BE,-966.6666666666666,0.43333333333333335,1599,750.0,4.973992673992674,0.3333333333333333,0.3333333333333333,0.3333333333333333
E177399B,-1466.6666666666667,1.1500000000000001,2054,1450.0,3.3727207977207976,0.3333333333333333,0.3333333333333333,0.3333333333333333
3F9E5326,-733.3333333333334,3.3333333333333335,1245,-733.3333333333334,3.3333333333333335,0.3333333333333333,0.6666666666666666,0.0
734A07C2,1200.0,2.031862745098039,2173,3120.0,3.2976890756302524,0.6,0.2,0.2
29304319,-4600.0,2.6,1694,-4600.0,2.6,0.3333333333333333,0.6666666666666666,0.0
6FCC6710,-2900.0,0.0,1734,-2900.0,0.0,0.0,1.0,0.0
77158504,2733.3333333333335,4.94949494949495,2182,2166.6666666666665,4.12950937950938,0.5,0.16666666666666666,0.3333333333333333
30807BAD,4850.0,5.785714285714286,1639,4850.0,5.785714285714286,0.5,0.0,0.5
B535A8A9,5500.0,4.875,1282,3320.0,4.758333333333333,0.4,0.2,0.4
90912664,-1300.0,2.380952380952381,2111,1050.0,16.304511278195488,0.16666666666666666,0.5,0.3333333333333333
F70CB132,900.0,0.5,2164,900.0,0.5,0.0,0.0,1.0
B3F85C29,1800.0,1.0444444444444445,1582,1800.0,1.0444444444444445,0.0,0.0,1.0
CF4CDBED,1266.6666666666667,9.333333333333334,2030,1266.6666666666667,9.333333333333334,0.0,0.3333333333333333,0.6666666666666666
6E79C6B1,-1800.0,1.357142857142857,2008,2730.0,3.6406944444444442,0.3,0.2,0.5
953493E6,-3833.3333333333335,0.1111111111111111,1109,-3833.3333333333335,0.1111111111111111,0.3333333333333333,0.6666666666666666,0.0
42C9C797,1850.0,6.785714285714286,1533,1850.0,6.785714285714286,0.5,0.5,0.0
71AA2A23,-2300.0,0.0,930,-2300.0,0.0,0.0,1.0,0.0
2EF1ECE7,4750.0,2.635964912280702,1878,4750.0,2.635964912280702,1.0,0.0,0.0
EC3BDD69,4033.3333333333335,2.1667698658410735,2220,42.857142857142854,1.520452391482909,0.14285714285714285,0.42857142857142855,0.42857142857142855
C15077C9,1833.3333333333333,1.4136752136752138,1931,1833.3333333333333,1.4136752136752138,0.3333333333333333,0.3333333333333333,0.3333333333333333
5DA9F2B6,233.33333333333334,2.1031746031746033,2030,2640.0,4.833333333333333,0.2,0.2,0.6
07B90DB7,-600.0,28.666666666666668,2129,1200.0,18.8,0.0,0.6,0.4
052241E5,1200.0,0.631578947368421,1945,1200.0,0.631578947368421,0.0,0.0,1.0
EDBD5B25,1533.3333333333333,2.009746588693957,2222,3800.0,5.390950722394221,0.375,0.125,0.5
9E0EDB10,1233.3333333333333,4.462962962962963,2040,4600.0,6.225326135852451,0.47368421052631576,0.15789473684210525,0.3684210526315789
F079437B,-3050.0,0.3333333333333333,948,-3050.0,0.3333333333333333,0.5,0.5,0.0
01992220,-1900.0,10.333333333333334,2162,160.0,7.2666666666666675,0.0,0.4,0.6
141B3B78,-466.6666666666667,3.272727272727273,2104,-1800.0,2.4545454545454546,0.25,0.5,0.25
FC303836,-4800.0,0.0,1510,-4800.0,0.0,0.0,1.0,0.0
8A643CF2,-600.0,2.0,1812,-800.0,1.8857142857142857,0.14285714285714285,0.5714285714285714,0.2857142857142857
351A31A4,4733.333333333333,3.6732234626971465,2182,3300.0,3.5064381733554666,0.42857142857142855,0.14285714285714285,0.42857142857142855
E54CB06C,5000.0,10.0,1704,5000.0,10.0,1.0,0.0,0.0
9EDC30FF,6900.0,12.483333333333334,2199,1600.0,4.608410181436498,0.25,0.25,0.5
A87AACB4,-300.0,0.0,779,-300.0,0.0,0.0,1.0,0.0
A7A8B5E3,2166.6666666666665,10.25438596491228,1696,2166.6666666666665,10.25438596491228,0.6666666666666666,0.3333333333333333,0.0
2567D20E,-1633.3333333333333,2.466666666666667,2227,2531.0344827586205,9.28710485450637,0.3103448275862069,0.3448275862068966,0.3448275862068966
91956084,2600.0,6.8,2078,3920.0,5.731461988304094,0.6,0.0,0.4
F9832B8B,9750.0,54.388888888888886,1665,9750.0,54.388888888888886,0.5,0.0,0.5
1166073A,3166.6666666666665,9.766666666666667,2189,2744.4444444444443,11.220634920634922,0.5555555555555556,0.3333333333333333,0.1111111111111111
86C4289E,1000.0,2.142857142857143,843,1000.0,2.142857142857143,0.5,0.5,0.0
84167DF2,-1700.0,0.6296296296296297,1451,-1700.0,0.6296296296296297,0.3333333333333333,0.3333333333333333,0.3333333333333333
303F985D,5500.0,21.67195767195767,1925,4640.0,11.8015873015873,0.8,0.0,0.2
CCF84A75,7000.0,6.212698412698413,2172,6157.142857142857,8.907402961184474,0.8571428571428571,0.0,0.14285714285714285
6A4B1E51,2033.3333333333333,7.699999999999999,2135,1000.0,5.412499999999999,0.3333333333333333,0.3333333333333333,0.3333333333333333
CDD60B59,3833.3333333333335,7.495906432748538,1928,2846.6666666666665,3.6248077263866736,0.3333333333333333,0.26666666666666666,0.4
7735DAE8,50.0,3.0,698,50.0,3.0,0.0,0.5,0.5
89065792,4133.333333333333,5.872222222222223,2177,164.28571428571428,2.934103641456583,0.21428571428571427,0.42857142857142855,0.35714285714285715
449CD097,7500.0,15.0,619,7500.0,15.0,1.0,0.0,0.0
C9BA98A6,1400.0,1.2727272727272727,2119,1400.0,1.2727272727272727,1.0,0.0,0.0
1A2743D1,-533.3333333333334,1.9074074074074074,2203,2100.0,6.231379731379732,0.5714285714285714,0.14285714285714285,0.2857142857142857
D607D955,-666.6666666666666,1.8333333333333333,1774,-666.6666666666666,1.8333333333333333,0.0,0.3333333333333333,0.6666666666666666
09210D69,5200.0,7.428571428571429,2033,5200.0,7.428571428571429,1.0,0.0,0.0
5BD9AEFA,2400.0,1.8214285714285714,2192,2400.0,1.8214285714285714,0.6666666666666666,0.0,0.3333333333333333
B9EF12A3,1366.6666666666667,1.8518518518518519,1968,-1000.0,1.773098633392751,0.2727272727272727,0.6363636363636364,0.09090909090909091
671D946D,1300.0,2.1666666666666665,1456,1300.0,2.1666666666666665,0.0,0.0,1.0
161B54F9,3566.6666666666665,2.964957264957265,2034,1775.0,2.223717948717949,0.25,0.25,0.5
D37CB3F7,100.0,1.05,586,100.0,1.05,0.5,0.5,0.0
9500046A,2933.3333333333335,2.425213675213675,1860,2166.6666666666665,4.833119658119658,0.3333333333333333,0.16666666666666666,0.5
2194C2A7,1866.6666666666667,5.444444444444444,2030,1866.6666666666667,5.444444444444444,0.6666666666666666,0.3333333333333333,0.0
1927CB23,4400.0,5.347222222222222,1588,4400.0,5.347222222222222,0.0,0.0,1.0
21836B6F,5433.333333333333,4.285858585858586,2150,3200.0,3.1651806526806525,0.6,0.2,0.2
A9C695E1,1333.3333333333333,9.592592592592593,1732,2866.6666666666665,7.943518518518519,0.3333333333333333,0.3333333333333333,0.3333333333333333
3FA2208B,700.0,3.5,2119,700.0,3.5,0.0,0.0,1.0
39EC23D4,600.0,0.5,952,600.0,0.5,1.0,0.0,0.0
CEF64D1D,3866.6666666666665,2.108169934640523,2066,675.0,1.581127450980392,0.75,0.25,0.0
5D5CC52F,7000.0,5.257352941176471,1881,7000.0,5.257352941176471,0.5,0.0,0.5
97B5B18F,10000.0,10.0,1016,10000.0,10.0,1.0,0.0,0.0
B8D2467F,6500.0,9.765406162464986,1809,6240.0,25.85924369747899,0.4,0.0,0.6
8775A3FD,3600.0,34.575,1678,3600.0,34.575,0.5,0.0,0.5
F5D17D08,6650.0,40.14705882352941,1416,6650.0,40.14705882352941,1.0,0.0,0.0
74CD928D,5166.666666666667,8.088888888888889,1740,5166.666666666667,8.088888888888889,0.3333333333333333,0.0,0.6666666666666666
CEDC5CBF,5450.0,5.486111111111111,1622,5450.0,5.486111111111111,0.5,0.0,0.5
52793EA2,6333.333333333333,4.621082621082621,1815,6333.333333333333,4.621082621082621,0.6666666666666666,0.0,0.3333333333333333
1DAB7B91,1600.0,15.75,1649,1600.0,15.75,0.6666666666666666,0.3333333333333333,0.0
D5F07DA4,2133.3333333333335,4.404761904761904,2207,1840.0,3.5252100840336134,0.4,0.4,0.2
95489529,1400.0,2.6666666666666665,1596,2420.0,4.5200000000000005,0.4,0.2,0.4
69590696,-2833.3333333333335,0.6666666666666666,1954,820.0,2.6125874125874122,0.2,0.4,0.4
F7866290,1000.0,1.9523809523809523,1264,1325.0,2.9017857142857144,0.5,0.5,0.0
CC90CAC4,1950.0,2.5555555555555554,1796,1950.0,2.5555555555555554,0.0,0.5,0.5
1E1255C9,5733.333333333333,4.898941798941799,2200,5733.333333333333,4.898941798941799,0.6666666666666666,0.0,0.3333333333333333
78C5ED8C,2700.0,4.5,2156,2700.0,4.5,0.0,0.0,1.0
9EC29934,2600.0,1.663157894736842,1919,2600.0,1.663157894736842,0.5,0.0,0.5
87D8E73B,2150.0,4.5,2190,2150.0,4.5,0.5,0.5,0.0
B4C5249A,-1933.3333333333333,3.7083333333333335,1977,-75.0,5.182000291375291,0.25,0.5,0.25
34F3F5AD,366.6666666666667,1.4074074074074074,2204,366.6666666666667,1.4074074074074074,0.3333333333333333,0.6666666666666666,0.0
37369273,2900.0,3.7666666666666666,1478,2900.0,3.7666666666666666,0.0,0.0,1.0
137242A0,-300.0,1.5185185185185184,2176,2020.0,3.0497076023391814,0.6,0.4,0.0
0EF042B8,2200.0,4.352380952380952,2036,2500.0,3.382055344974006,0.6363636363636364,0.18181818181818182,0.18181818181818182
C7B349E2,4400.0,4.4,880,4400.0,4.4,1.0,0.0,0.0
0EF0B3ED,1700.0,3.4,735,1700.0,3.4,1.0,0.0,0.0
7F6688B6,4900.0,3.535885167464115,1838,4900.0,3.535885167464115,1.0,0.0,0.0
70294A3E,450.0,2.0,1956,450.0,2.0,0.5,0.5,0.0
190F7BF0,400.0,6.083333333333333,2052,961.5384615384615,3.5631320433952007,0.3076923076923077,0.46153846153846156,0.23076923076923078
75B0D217,2866.6666666666665,26.452380952380953,1786,2014.2857142857142,13.190031397174256,0.5714285714285714,0.2857142857142857,0.14285714285714285
1FA3A410,3550.0,11.125,1635,3550.0,11.125,0.0,0.5,0.5
44C3D051,-233.33333333333334,0.6296296296296297,2204,-233.33333333333334,0.6296296296296297,0.0,0.6666666666666666,0.3333333333333333
8F686B10,-833.3333333333334,9.444444444444445,2067,2700.0,9.838699494949493,0.3333333333333333,0.3333333333333333,0.3333333333333333
F2D14938,-2700.0,0.39999999999999997,2168,354.54545454545456,2.645573088761943,0.09090909090909091,0.36363636363636365,0.5454545454545454
2172753D,1400.0,10.537037037037036,1867,1560.0,7.275163398692811,0.0,0.4,0.6
D36D8896,1033.3333333333333,14.916666666666666,1821,1033.3333333333333,14.916666666666666,0.6666666666666666,0.3333333333333333,0.0
48BE1C9A,-8900.0,0.0,1825,-8900.0,0.0,0.0,1.0,0.0
17B69903,5866.666666666667,9.742690058479532,2192,6180.0,14.412280701754387,0.4,0.0,0.6
EA3BBFF2,300.0,3.498245614035088,2148,-1014.2857142857143,3.404010025062657,0.14285714285714285,0.5714285714285714,0.2857142857142857
0556F02D,-233.33333333333334,4.0,2006,-2375.0,3.0,0.25,0.5,0.25
12032F09,300.0,0.38461538461538464,1492,300.0,0.38461538461538464,0.0,0.5,0.5
4EA76215,4266.666666666667,4.743853096794273,2034,1642.857142857143,2.6830798986261173,0.2857142857142857,0.14285714285714285,0.5714285714285714
BC7740B7,7266.666666666667,19.84722222222222,1691,7266.666666666667,19.84722222222222,0.3333333333333333,0.0,0.6666666666666666
D5AAAEA5,4400.0,26.45,1656,4400.0,26.45,0.5,0.0,0.5
6D6C9C03,-1700.0,5.333333333333333,2207,420.0,3.586985294117647,0.2,0.5,0.3
A4C6AFD3,9200.0,6.133333333333334,938,9200.0,6.133333333333334,1.0,0.0,0.0
D7EF39FB,7833.333333333333,33.88888888888889,2010,8200.0,30.066666666666666,0.75,0.0,0.25
FC20C0A0,4333.333333333333,4.885822510822511,1322,3240.0,4.851493506493506,0.6,0.2,0.2
7A212217,6466.666666666667,4.0927170868347345,2022,4742.857142857143,7.320437648743708,0.7142857142857143,0.14285714285714285,0.14285714285714285
02E30A71,-7500.0,0.0,917,-7500.0,0.0,0.0,1.0,0.0
A6D615AE,-2133.3333333333335,2.1333333333333333,1826,-3214.285714285714,0.9321428571428572,0.14285714285714285,0.7142857142857143,0.14285714285714285
4F59D311,-2666.6666666666665,0.6923076923076924,1517,-2666.6666666666665,0.6923076923076924,0.3333333333333333,0.6666666666666666,0.0
A953FF4C,500.0,0.8611111111111112,2136,500.0,0.8611111111111112,0.5,0.5,0.0
2353666B,100.0,0.1111111111111111,1629,100.0,0.1111111111111111,1.0,0.0,0.0
CA003BB6,-1566.6666666666667,7.25,2082,-1018.1818181818181,4.275252525252525,0.18181818181818182,0.5454545454545454,0.2727272727272727
434EB631,300.0,7.2592592592592595,2227,1255.5555555555557,5.917706302794022,0.3333333333333333,0.4444444444444444,0.2222222222222222
5117030F,-333.3333333333333,12.666666666666666,1874,-333.3333333333333,12.666666666666666,0.0,0.6666666666666666,0.3333333333333333
82108D0C,-4400.0,0.09999999999999999,1843,-3450.0,0.075,0.25,0.75,0.0
7FF5DF2A,4100.0,8.511111111111111,2153,1846.6666666666667,5.197642825011246,0.3333333333333333,0.26666666666666666,0.4
F9B9A423,9000.0,4.7368421052631575,1913,9000.0,4.7368421052631575,1.0,0.0,0.0
AF3FE588,-1400.0,0.0,1513,-1400.0,0.0,0.0,1.0,0.0
C67C2D72,3400.0,3.1785714285714284,837,3400.0,3.1785714285714284,0.5,0.5,0.0
2706E7A9,3366.6666666666665,17.125,1772,440.0,5.930441176470588,0.1,0.4,0.5
6ADA19D6,2266.6666666666665,3.2060185185185186,1506,1266.6666666666667,3.363425925925926,0.5,0.3333333333333333,0.16666666666666666
81D58B43,9900.0,49.5,1427,9900.0,49.5,0.0,0.0,1.0
F9DB29C6,-8400.0,0.0,1385,-8400.0,0.0,0.0,1.0,0.0
4D37F2E1,966.6666666666666,2.6932773109243695,1936,977.7777777777778,13.477388733271088,0.2222222222222222,0.3333333333333333,0.4444444444444444
8E12A9D0,1400.0,7.730769230769231,2015,-1120.0,4.638461538461539,0.0,0.6,0.4
8F7C0F07,9900.0,8.25,876,9900.0,8.25,0.0,0.0,1.0
6CCDA540,4600.0,2.9952731092436977,1816,4600.0,2.9952731092436977,0.3333333333333333,0.0,0.6666666666666666
B3D37DD7,2900.0,7.425641025641025,2224,1372.7272727272727,8.133399933399934,0.09090909090909091,0.36363636363636365,0.5454545454545454
02681B5A,2400.0,8.0,2112,-126.66666666666667,3.9030687830687834,0.26666666666666666,0.4666666666666667,0.26666666666666666
5FDD7092,-1700.0,0.0,837,-1700.0,0.0,0.0,1.0,0.0
CDCD2760,-1966.6666666666667,0.8666666666666667,1189,525.0,5.65,0.5,0.5,0.0
7B78E143,5133.333333333333,31.733333333333334,2209,3922.222222222222,13.396949891067537,0.5555555555555556,0.1111111111111111,0.3333333333333333
3D938BD4,-533.3333333333334,1.4901960784313726,2081,-75.0,2.2675589932942875,0.375,0.5,0.125
EFF1A71F,3533.3333333333335,8.047619047619047,1400,3800.0,16.495238095238097,0.0,0.2,0.8
9D42E704,750.0,19.5,1968,750.0,19.5,0.5,0.5,0.0
E71F95FD,100.0,2.156862745098039,2093,1220.0,2.227450980392157,0.4,0.4,0.2
EE7362C0,5650.0,3.245065789473684,2106,5650.0,3.245065789473684,0.5,0.0,0.5
4896C7AC,2266.6666666666665,2.767320261437908,2166,1600.0,2.135974945533769,0.5,0.3333333333333333,0.16666666666666666
DED0B142,5750.0,4.70952380952381,1990,5750.0,4.70952380952381,0.5,0.0,0.5
030FFE74,-1466.6666666666667,3.25,2152,1112.5,10.183333333333332,0.25,0.375,0.375
729BC30B,3700.0,2.642857142857143,477,3700.0,2.642857142857143,1.0,0.0,0.0
6CF35330,6500.0,16.814102564102566,2224,2988.8888888888887,9.84761583445794,0.2222222222222222,0.2222222222222222,0.5555555555555556
E5AB8A9B,3600.0,10.61111111111111,2031,2583.3333333333335,10.041666666666666,0.3333333333333333,0.3333333333333333,0.3333333333333333
C97F64D4,5200.0,52.0,663,5200.0,52.0,0.0,0.0,1.0
8858F0F0,-633.3333333333334,0.8333333333333334,2013,-633.3333333333334,0.8333333333333334,0.3333333333333333,0.6666666666666666,0.0
44CFE175,2850.0,25.166666666666668,1634,2850.0,25.166666666666668,0.5,0.0,0.5
8E0E931C,2100.0,4.166666666666667,970,2100.0,4.166666666666667,0.5,0.5,0.0
1A35E703,1466.6666666666667,2.1596491228070174,1131,3800.0,16.68299916457811,0.5,0.16666666666666666,0.3333333333333333
D8067881,33.333333333333336,15.25,1445,-2183.3333333333335,8.458333333333334,0.3333333333333333,0.5,0.16666666666666666
C406CEC5,3666.6666666666665,5.0964912280701755,1772,3350.0,4.197368421052632,0.25,0.0,0.75
D1630BE9,400.0,2.1333333333333333,2186,400.0,2.1333333333333333,0.0,0.0,1.0
EBE6F713,200.0,3.5909090909090913,2202,200.0,3.5909090909090913,0.3333333333333333,0.3333333333333333,0.3333333333333333
E52F74C5,-1733.3333333333333,0.7575757575757577,2126,-1071.4285714285713,1.8983016983016985,0.42857142857142855,0.42857142857142855,0.14285714285714285
95B6B2D1,6250.0,17.083333333333332,1413,6250.0,17.083333333333332,1.0,0.0,0.0
B5110806,9033.333333333334,7.571133716644553,2053,3145.4545454545455,4.406019545704319,0.2727272727272727,0.2727272727272727,0.45454545454545453
D684540E,2800.0,2.8,539,2800.0,2.8,0.0,0.0,1.0
DE82F6BF,5700.0,10.083075335397316,2186,1887.5,9.616470711091454,0.125,0.25,0.625
67287AA5,-400.0,0.0,2131,-400.0,0.0,0.0,1.0,0.0
A78A409E,-966.6666666666666,2.1999999999999997,2047,875.0,3.65,0.5,0.5,0.0
19ED018D,-1766.6666666666667,1.3535353535353536,2220,954.5454545454545,2.8184932269156864,0.36363636363636365,0.2727272727272727,0.36363636363636365
C89AD0AC,5766.666666666667,5.4369747899159675,1855,1440.0,3.26218487394958,0.4,0.4,0.2
4888E197,2133.3333333333335,6.972222222222222,2085,-1144.4444444444443,2.5185185185185186,0.3333333333333333,0.5555555555555556,0.1111111111111111
835B9FED,-833.3333333333334,11.111111111111112,1764,-833.3333333333334,11.111111111111112,0.0,0.6666666666666666,0.3333333333333333
65BECAA8,1366.6666666666667,1.537037037037037,2220,20.0,1.8555555555555556,0.2,0.4,0.4
E5564F0A,-400.0,1.023809523809524,1347,-400.0,1.023809523809524,0.3333333333333333,0.6666666666666666,0.0
11FFFCC0,7650.0,12.875,1339,7650.0,12.875,0.5,0.0,0.5
7C63B3CC,6400.0,3.5555555555555554,788,6400.0,3.5555555555555554,0.0,0.0,1.0
6BD35CCA,4233.333333333333,8.402597402597403,2119,1033.3333333333333,4.740182040182039,0.1111111111111111,0.3333333333333333,0.5555555555555556
622AD67A,-2866.6666666666665,0.0,2201,-2850.0,1.3055555555555556,0.16666666666666666,0.8333333333333334,0.0
565B4830,-450.0,0.0,1568,-450.0,0.0,0.0,1.0,0.0
DB3D4099,8900.0,17.8,2000,8900.0,17.8,0.0,0.0,1.0
AD111D47,900.0,1.3148148148148149,802,900.0,1.3148148148148149,0.0,0.3333333333333333,0.6666666666666666
F6A67809,3900.0,4.333333333333333,2138,3900.0,4.333333333333333,0.0,0.0,1.0
96E9CB29,-6066.666666666667,0.0,2221,-1677.7777777777778,1.0428467683369644,0.2222222222222222,0.6666666666666666,0.1111111111111111
161413EB,966.6666666666666,6.1269841269841265,2162,1000.0,6.521088435374151,0.42857142857142855,0.42857142857142855,0.14285714285714285
B1001422,4100.0,18.416666666666668,2163,4040.0,14.607142857142856,0.6,0.0,0.4
D7943C97,6100.0,3.7449392712550607,1805,6100.0,3.7449392712550607,0.5,0.0,0.5
651B28B4,566.6666666666666,4.398809523809524,1726,1300.0,4.567460317460317,0.6666666666666666,0.3333333333333333,0.0
6A4AE62C,4900.0,12.25,1599,4900.0,12.25,0.0,0.0,1.0
20C35CAC,1833.3333333333333,5.746031746031746,1630,4180.0,7.82984126984127,0.6,0.2,0.2
1CA01C8A,2100.0,4.583333333333333,1773,2800.0,3.9476190476190474,0.0,0.2,0.8
3A9170C9,5150.0,7.033333333333333,1539,5150.0,7.033333333333333,0.5,0.0,0.5
4D84D199,-6300.0,0.0,1212,-6300.0,0.0,0.0,1.0,0.0
85E30144,2800.0,4.155555555555556,1972,2440.0,2.8733333333333335,0.6,0.2,0.2
DD5046A3,2250.0,8.25,1454,2250.0,8.25,0.5,0.5,0.0
D30C007C,600.0,3.0833333333333335,1728,600.0,3.0833333333333335,0.5,0.5,0.0
1212ED34,-766.6666666666666,0.3541666666666667,2151,-733.3333333333334,0.5104166666666666,0.0,0.6666666666666666,0.3333333333333333
A527D24F,3633.3333333333335,2.818713450292398,2066,3633.3333333333335,2.818713450292398,0.6666666666666666,0.3333333333333333,0.0
7A60A5D5,-1900.0,1.4833333333333334,2080,-2640.0,1.29,0.2,0.6,0.2
92222EBC,5033.333333333333,4.817647058823529,2135,5772.727272727273,6.620022624434389,0.6363636363636364,0.09090909090909091,0.2727272727272727
BD846912,3166.6666666666665,3.991452991452991,1905,4340.0,9.494871794871795,0.8,0.0,0.2
A3BD3DA4,7033.333333333333,10.299999999999999,1865,4550.0,7.1469551282051285,0.375,0.0,0.625
BD1411E5,-333.3333333333333,1.473684210526316,1347,-333.3333333333333,1.473684210526316,0.3333333333333333,0.6666666666666666,0.0
7817AD39,9433.333333333334,22.125356125356124,2043,9433.333333333334,22.125356125356124,1.0,0.0,0.0
6C2B8F14,-3900.0,0.0,1292,-3900.0,0.0,0.0,1.0,0.0
565DB88B,3700.0,4.555555555555556,2124,1250.0,3.9555555555555557,0.5,0.16666666666666666,0.3333333333333333
5BD5A681,-4400.0,0.5925925925925926,1890,-485.7142857142857,1.5126262626262625,0.42857142857142855,0.42857142857142855,0.14285714285714285
FF6EEA06,3400.0,4.25,1358,3400.0,4.25,1.0,0.0,0.0
1A1AAFB2,950.0,2.9166666666666665,1192,950.0,2.9166666666666665,0.0,0.5,0.5
A71A106F,3133.3333333333335,3.2152777777777772,2151,3133.3333333333335,3.2152777777777772,0.3333333333333333,0.0,0.6666666666666666
E2CDD6A3,-433.3333333333333,2.722222222222222,2122,880.0,3.4333333333333327,0.2,0.6,0.2
9EF1FBF4,2000.0,1.1764705882352942,467,2000.0,1.1764705882352942,1.0,0.0,0.0
46FF496E,1100.0,1.8833333333333335,2134,1375.0,1.8708333333333331,0.25,0.25,0.5
FA9391D9,4050.0,2.9411764705882355,1344,4050.0,2.9411764705882355,0.5,0.5,0.0
FB341532,-5600.0,0.0,1672,-1836.3636363636363,2.0791866028708132,0.09090909090909091,0.5454545454545454,0.36363636363636365
3D7351AC,-1800.0,0.35714285714285715,2032,-3328.5714285714284,1.8673469387755102,0.14285714285714285,0.7142857142857143,0.14285714285714285
0465787F,-900.0,11.166666666666666,1250,-900.0,11.166666666666666,0.0,0.5,0.5
8869F52E,5933.333333333333,13.63232323232323,1582,5933.333333333333,13.63232323232323,1.0,0.0,0.0
6EA00BD5,5300.0,7.947916666666667,2002,5300.0,7.947916666666667,0.5,0.0,0.5
F3290AB8,1633.3333333333333,2.2679738562091503,2165,-283.3333333333333,1.7908496732026145,0.3333333333333333,0.5,0.16666666666666666
4D2420BF,4533.333333333333,18.42222222222222,2186,2000.0,9.204010695187165,0.2727272727272727,0.2727272727272727,0.45454545454545453
BA621B28,-2700.0,0.2777777777777778,940,-2700.0,0.2777777777777778,0.0,0.5,0.5
E6CC08BA,-3100.0,0.7666666666666666,1014,-3100.0,0.7666666666666666,0.3333333333333333,0.6666666666666666,0.0
E38B7EE1,2300.0,7.277777777777778,1710,2300.0,7.277777777777778,0.5,0.0,0.5
490BCC00,5300.0,4.278258778258778,1536,4700.0,3.9336940836940837,0.75,0.0,0.25
34A01C00,-2400.0,0.0,2074,990.0,1.2929824561403507,0.4,0.5,0.1
39DD24DA,-4500.0,0.0,1578,-4500.0,0.0,0.0,1.0,0.0
D8FBCA27,5500.0,13.75,1381,5500.0,13.75,0.0,0.0,1.0
1EFAB85A,400.0,1.8571428571428572,1426,400.0,1.8571428571428572,0.5,0.5,0.0
2311A0EE,-3633.3333333333335,1.8666666666666665,1655,-3925.0,1.4,0.0,0.75,0.25
3CB06B20,5266.666666666667,5.214814814814815,2226,6220.0,5.255204678362573,0.4,0.0,0.6
F9DFD832,4500.0,5.055555555555555,1252,4500.0,5.055555555555555,0.0,0.0,1.0
AE0B451A,-1700.0,1.55,2006,2271.4285714285716,5.2216791979949875,0.42857142857142855,0.14285714285714285,0.42857142857142855
A7513706,400.0,1.0,598,400.0,1.0,1.0,0.0,0.0
0E78F618,-3333.3333333333335,1.5490196078431373,2172,3372.7272727272725,16.937941779582648,0.36363636363636365,0.18181818181818182,0.45454545454545453
AD327A55,2133.3333333333335,3.521428571428572,2134,3100.0,4.709952756031187,0.4444444444444444,0.2222222222222222,0.3333333333333333
078E4905,-3350.0,0.425,651,-3350.0,0.425,0.0,0.5,0.5
B2B42190,-2666.6666666666665,1.9111111111111112,1776,-2666.6666666666665,1.9111111111111112,0.3333333333333333,0.6666666666666666,0.0
6DC659DA,-2066.6666666666665,1.2142857142857142,2089,-2066.6666666666665,1.2142857142857142,0.3333333333333333,0.6666666666666666,0.0
C93DD84B,-5900.0,0.0,1712,-5900.0,0.0,0.0,1.0,0.0
EC8EEFFF,1533.3333333333333,4.138888888888888,2181,1885.7142857142858,3.105639097744361,0.2857142857142857,0.2857142857142857,0.42857142857142855
277E334F,1066.6666666666667,2.871794871794872,2077,2946.153846153846,10.905589533643832,0.5384615384615384,0.3076923076923077,0.15384615384615385
945EC7D0,2233.3333333333335,4.677777777777778,2061,933.3333333333334,3.6085470085470086,0.0,0.5833333333333334,0.4166666666666667
403ECD80,-2350.0,0.0,894,-2350.0,0.0,0.0,1.0,0.0
B944D853,1050.0,3.2,1622,1050.0,3.2,0.5,0.5,0.0
1418DF0D,3300.0,8.25,443,3300.0,8.25,0.0,0.0,1.0
A29661A2,-2700.0,0.9682539682539683,1501,-2575.0,0.7261904761904762,0.25,0.5,0.25
6D5B935F,-2500.0,2.6666666666666665,1433,200.0,3.8175,0.4,0.4,0.2
A67C5D0B,2733.3333333333335,3.0269360269360273,2217,413.6363636363636,4.50868411813036,0.22727272727272727,0.45454545454545453,0.3181818181818182
957E5B61,3300.0,11.0,850,3300.0,11.0,0.0,0.0,1.0
F6A304F3,7750.0,12.136363636363637,1963,7750.0,12.136363636363637,0.0,0.0,1.0
3CB56CC1,7600.0,4.75,489,7600.0,4.75,1.0,0.0,0.0
B64AE676,3733.3333333333335,24.208333333333332,2167,3733.3333333333335,24.208333333333332,0.0,0.3333333333333333,0.6666666666666666
FA6CEB56,-1733.3333333333333,2.259259259259259,1661,-1733.3333333333333,2.259259259259259,0.3333333333333333,0.6666666666666666,0.0
D41D8FF1,66.66666666666667,3.6666666666666665,2040,1420.0,4.477777777777778,0.2,0.4,0.4
CC886BC4,8600.0,5.0588235294117645,1218,8600.0,5.0588235294117645,1.0,0.0,0.0
55EB3069,5433.333333333333,11.913131313131315,1702,4425.0,9.809848484848485,0.25,0.0,0.75
03DEAF45,-800.0,1.1428571428571428,1892,-800.0,1.1428571428571428,0.0,0.6666666666666666,0.3333333333333333
E7B82148,4400.0,3.336075689016866,2201,4616.666666666667,4.320281434252023,0.8333333333333334,0.0,0.16666666666666666
95D76BA5,2100.0,1.9696969696969697,1330,2100.0,1.9696969696969697,0.0,0.3333333333333333,0.6666666666666666
A32EF4C1,100.0,0.14285714285714285,694,100.0,0.14285714285714285,0.0,0.0,1.0
B17CB563,2366.6666666666665,9.298245614035087,2211,-33.333333333333336,5.570691434468524,0.5,0.3333333333333333,0.16666666666666666
4EF83694,2466.6666666666665,6.070175438596491,2160,2433.3333333333335,11.55592105263158,0.5,0.3333333333333333,0.16666666666666666
DE940C1C,1500.0,1.8991228070175439,1559,3100.0,5.105179615705931,0.2857142857142857,0.2857142857142857,0.42857142857142855
0730CA18,-4500.0,0.4166666666666667,1828,-4500.0,0.4166666666666667,0.3333333333333333,0.6666666666666666,0.0
8320B2B3,-1266.6666666666667,1.396825396825397,2092,850.0,19.047619047619047,0.25,0.25,0.5
0EBE6836,2400.0,6.333333333333333,2183,2825.0,5.538461538461538,0.5,0.25,0.25
E9D6B9F0,7933.333333333333,7.055710955710956,2161,5075.0,4.413947163947165,0.5,0.125,0.375
05B5307E,-300.0,0.6666666666666666,1487,-300.0,0.6666666666666666,0.0,0.6666666666666666,0.3333333333333333
C4033DAA,6500.0,11.142592592592592,2190,6566.666666666667,8.378114478114478,0.3333333333333333,0.0,0.6666666666666666
D18F660E,-33.333333333333336,13.354166666666666,1831,-33.333333333333336,13.354166666666666,0.3333333333333333,0.3333333333333333,0.3333333333333333
98A3249A,1200.0,2.4,1073,1200.0,2.4,0.0,0.0,1.0
91546ED8,-3166.6666666666665,0.5614035087719298,1895,-3166.6666666666665,0.5614035087719298,0.0,0.6666666666666666,0.3333333333333333
41106922,-4750.0,0.08333333333333333,1837,-4750.0,0.08333333333333333,0.0,0.5,0.5
1FFEEF36,1033.3333333333333,0.9578947368421052,1524,-1350.0,0.718421052631579,0.25,0.5,0.25
E6DFC0B6,5333.333333333333,4.4718954248366005,2158,2616.6666666666665,3.2133286647992527,0.3333333333333333,0.16666666666666666,0.5
81AEBC36,-9900.0,0.0,579,-9900.0,0.0,0.0,1.0,0.0
B71E1604,-533.3333333333334,2.907407407407407,2154,-433.3333333333333,2.8996913580246915,0.2222222222222222,0.4444444444444444,0.3333333333333333
EDD71FE4,-3300.0,0.825,1022,-3300.0,0.825,0.5,0.5,0.0
3201F9AB,8400.0,10.5,794,8400.0,10.5,1.0,0.0,0.0
9D4E1190,-5633.333333333333,0.4285714285714286,1818,-600.0,3.0383597883597884,0.5,0.3333333333333333,0.16666666666666666
FAD48011,3000.0,3.75,1903,2615.3846153846152,10.536996336996339,0.46153846153846156,0.3076923076923077,0.23076923076923078
CCE5330A,-4066.6666666666665,1.1666666666666667,2227,140.0,2.4,0.0,0.4,0.6
BD7E6474,-6200.0,0.0,2113,-6200.0,0.0,0.0,1.0,0.0
E15F4EA3,2366.6666666666665,5.507692307692307,1632,2185.714285714286,4.705677655677656,0.42857142857142855,0.2857142857142857,0.2857142857142857
7260F828,5000.0,2.5,1032,5000.0,2.5,0.0,0.0,1.0
78E24675,7100.0,5.916666666666667,727,7100.0,5.916666666666667,0.0,0.0,1.0
F551E0F5,-8600.0,0.0,1967,-1314.2857142857142,6.221428571428571,0.14285714285714285,0.5714285714285714,0.2857142857142857
15360C78,6166.666666666667,4.717748917748918,2082,1042.857142857143,4.001484230055659,0.42857142857142855,0.2857142857142857,0.2857142857142857
07B9F61A,3033.3333333333335,2.9571428571428573,2071,3033.3333333333335,2.9571428571428573,0.3333333333333333,0.0,0.6666666666666666
62C21009,-2800.0,0.875,1999,-2800.0,0.875,0.5,0.5,0.0
062DB180,4100.0,3.5277777777777777,1563,4100.0,3.5277777777777777,0.5,0.0,0.5
DAA80BF4,1600.0,2.2314814814814814,2071,3633.3333333333335,4.43152557319224,0.3333333333333333,0.3333333333333333,0.3333333333333333
9E1E7F78,-4050.0,0.0,1819,-4050.0,0.0,0.0,1.0,0.0
07AF217A,2000.0,7.071428571428571,1742,2000.0,7.071428571428571,0.0,0.5,0.5
6D605183,-6800.0,0.0,1134,-6800.0,0.0,0.0,1.0,0.0
4BA438DD,5900.0,3.6875,1852,5900.0,3.6875,0.0,0.0,1.0
5FC5C6CC,3600.0,3.0,1478,3600.0,3.0,1.0,0.0,0.0
6C09BDC9,2300.0,1.4375,1508,2300.0,1.4375,0.0,0.0,1.0
284525AD,1366.6666666666667,3.3379629629629632,2194,75.0,2.5034722222222223,0.5,0.5,0.0
E6D1C2BC,-2966.6666666666665,0.0,2164,-183.33333333333334,1.9638888888888888,0.3333333333333333,0.5,0.16666666666666666
B3AD6A7F,2750.0,6.3,1331,2750.0,6.3,0.0,0.5,0.5
7F4F6921,-933.3333333333334,1.767857142857143,1644,-933.3333333333334,1.767857142857143,0.3333333333333333,0.3333333333333333,0.3333333333333333
0664C0B9,4566.666666666667,4.538888888888889,2142,2721.4285714285716,9.965896078711205,0.21428571428571427,0.35714285714285715,0.42857142857142855
26091113,-5400.0,0.0,791,-5400.0,0.0,0.0,1.0,0.0
41988A3A,6000.0,8.424999999999999,1918,4620.0,6.196176470588235,0.4,0.2,0.4
082880EA,4866.666666666667,13.511111111111111,2182,2366.6666666666665,8.11919191919192,0.3333333333333333,0.5,0.16666666666666666
1D3115D4,-2833.3333333333335,0.05263157894736842,1862,-3900.0,0.039473684210526314,0.0,0.75,0.25
6516479A,-1900.0,0.3333333333333333,1270,-1900.0,0.3333333333333333,0.5,0.5,0.0
AC2553F9,1400.0,4.3999999999999995,2083,2788.8888888888887,5.950793650793651,0.7777777777777778,0.1111111111111111,0.1111111111111111
FC403EBF,-1566.6666666666667,1.7666666666666666,1575,514.2857142857143,3.816666666666667,0.7142857142857143,0.2857142857142857,0.0
66EB5B9B,-1900.0,1.638888888888889,2135,-454.54545454545456,1.9091513218307476,0.18181818181818182,0.45454545454545453,0.36363636363636365
71DD68C7,5700.0,3.3529411764705883,1060,5700.0,3.3529411764705883,1.0,0.0,0.0
B2D0D385,6000.0,3.3333333333333335,1755,6000.0,3.3333333333333335,0.0,0.0,1.0
1B7CE396,3450.0,4.322222222222223,1234,3450.0,4.322222222222223,0.5,0.0,0.5
30F0D40C,8400.0,6.461538461538462,1105,8400.0,6.461538461538462,1.0,0.0,0.0
9857F1CD,6233.333333333333,5.223707664884135,2218,3580.0,3.3770817417876247,0.8,0.2,0.0
1DB05A11,8200.0,4.555555555555555,1076,8200.0,4.555555555555555,0.0,0.0,1.0
44D517B6,3100.0,5.355555555555555,1485,3100.0,5.355555555555555,1.0,0.0,0.0
FD7F939B,-566.6666666666666,1.7407407407407407,2204,-100.0,1.476608187134503,0.25,0.5,0.25
B0830F6B,-5650.0,0.0,1041,-5650.0,0.0,0.0,1.0,0.0
3A7D06EC,4366.666666666667,2.2514619883040936,2068,4366.666666666667,2.2514619883040936,0.6666666666666666,0.0,0.3333333333333333
A009AB44,8250.0,47.35,1721,8250.0,47.35,1.0,0.0,0.0
F1C66E3D,7050.0,11.066666666666666,1907,7050.0,11.066666666666666,1.0,0.0,0.0
2C072F82,-4000.0,0.0,2108,-1557.142857142857,2.4642857142857144,0.14285714285714285,0.7142857142857143,0.14285714285714285
54C9B82E,-5250.0,0.0,2086,-5250.0,0.0,0.0,1.0,0.0
5D64D325,2100.0,20.0,1768,1100.0,15.95,0.4,0.4,0.2
4534B5EA,3700.0,7.486111111111112,2229,173.33333333333334,6.621104577683524,0.13333333333333333,0.4,0.4666666666666667
FEF48449,1266.6666666666667,7.111111111111111,2143,3009.090909090909,6.330035650623885,0.6363636363636364,0.18181818181818182,0.18181818181818182
8C413FF5,-800.0,0.0,1173,-800.0,0.0,0.0,1.0,0.0
DE3F036D,9300.0,4.65,1378,9300.0,4.65,1.0,0.0,0.0
41FFB247,2200.0,1.3410947712418302,2106,2200.0,1.3410947712418302,0.3333333333333333,0.0,0.6666666666666666
B049C561,6500.0,12.4,2106,6500.0,12.4,0.5,0.0,0.5
929E5BA6,-900.0,2.7916666666666665,2165,3133.3333333333335,7.367213804713805,0.5,0.16666666666666666,0.3333333333333333
A7853CB6,1400.0,1.2727272727272727,615,1400.0,1.2727272727272727,1.0,0.0,0.0
C6FC47DF,0.0,4.270175438596492,1980,-2583.3333333333335,2.135087719298246,0.3333333333333333,0.6666666666666666,0.0
A3735E19,1233.3333333333333,1.0047619047619047,1990,1233.3333333333333,1.0047619047619047,0.3333333333333333,0.0,0.6666666666666666
5D72524D,-1533.3333333333333,1.3666666666666665,2015,760.0,2.2104761904761903,0.2,0.4,0.4
C2B22222,4600.0,6.541666666666667,760,4600.0,6.541666666666667,0.5,0.0,0.5
DDBAA40A,4833.333333333333,50.666666666666664,1918,4150.0,28.96981424148607,0.375,0.375,0.25
